UF,Código IBGE,Entidade,Receita da contribuição de estados e municípios ao Fundeb,Complementação VAAF,Complementação VAAT,Complementação VAAR,Complementação da União Total,Total das receitas previstas,Município_Join,Motivo,latitude,longitude
SP,3500105,ADAMANTINA,"2 1.336.484,58",-,-,-,-,"21.336.484,58",ADAMANTINA,"Não cumprimento do disposto no art. 14, § 1º, III da Lei nº 14113/2020",-21.57664045679995,-51.05678056877712
SP,3500204,ADOLFO,"5 .721.189,21",-,-,-,-,"5.721.189,21",ADOLFO,"Não cumprimento do disposto no art. 14, § 1º, I e V da Lei nº 14113/2020",-21.288722205285318,-49.65329407487982
SP,3500709,AGUDOS,"3 2.146.308,50",-,-,-,-,"32.146.308,50",AGUDOS,"Não cumprimento do disposto no art. 14, § 1º, III da Lei nº 14113/2020",-22.571928008381704,-49.1087231367571
SP,3500758,ALAMBARI,"5 .431.957,96",-,-,-,-,"5.431.957,96",ALAMBARI,"Não cumprimento do disposto no art. 14, § 1º, III da Lei nº 14113/2020",-23.54895225701608,-47.86911194551932
SP,3500808,ALFREDO MARCONDES,"1 .965.662,10",-,-,-,-,"1.965.662,10",ALFREDO MARCONDES,"Não cumprimento do disposto no art. 14, § 1º, I e V da Lei nº 14113/2020",-21.93496842934411,-51.395636176705445
SP,3500907,ALTAIR,"3 .082.582,62",-,-,"2 22.156,52","2 22.156,52","3.304.739,14",ALTAIR,,-20.53336625422861,-49.09386318126816
SP,3501103,ALTO ALEGRE,"2 .420.055,90",-,-,-,-,"2.420.055,90",ALTO ALEGRE,"Não cumprimento do disposto no art. 14, § 1º, I da Lei nº 14113/2020",-21.61258817883015,-50.19211288982462
SP,3501608,AMERICANA,"1 13.601.362,06",-,-,-,-,"113.601.362,06",AMERICANA,"Não cumprimento do disposto no art. 14, § 1º, III da Lei nº 14113/2020",-22.72335232783772,-47.28910643340683
SP,3501905,AMPARO,"3 9.751.654,07",-,-,-,-,"39.751.654,07",AMPARO,"Não cumprimento do disposto no art. 14, § 1º, III da Lei nº 14113/2020",-22.69912338182061,-46.79870670073157
SP,3502101,ANDRADINA,"4 0.361.711,91",-,-,-,-,"40.361.711,91",ANDRADINA,"Não cumprimento do disposto no art. 14, § 1º, III da Lei nº 14113/2020",-20.835619516576777,-51.32976997754563
SP,3502200,ANGATUBA,"2 9.853.020,64",-,-,-,-,"29.853.020,64",ANGATUBA,"Não cumprimento do disposto no art. 14, § 1º, I e III da Lei nº 14113/2020",-23.436867798278328,-48.45929546965908
SP,3502309,ANHEMBI,"8 .488.215,72",-,-,-,-,"8.488.215,72",ANHEMBI,"Não cumprimento do disposto no art. 14, § 1º, III da Lei nº 14113/2020",-22.800010509850896,-48.17466074918937
SP,3502408,ANHUMAS,"3 .607.022,23",-,-,"1 29.489,30","1 29.489,30","3.736.511,53",ANHUMAS,,-22.36200566862795,-51.42776089803261
SP,3502507,APARECIDA,"3 7.345.015,29",-,-,-,-,"37.345.015,29",APARECIDA,"Não cumprimento do disposto no art. 14, § 1º, I, II e V da Lei nº 14113/2020",-22.914123014597354,-45.2372088275656
SP,3503000,ARAMINA,"4 .167.750,04",-,-,-,-,"4.167.750,04",ARAMINA,"Não cumprimento do disposto no art. 14, § 1º, III da Lei nº 14113/2020",-20.144859353107314,-47.820624051470006
SP,3503109,ARANDU,"6 .274.883,27",-,-,"2 44.558,21","2 44.558,21","6.519.441,48",ARANDU,,-23.177667086372185,-49.06400383011063
SP,3503208,ARARAQUARA,"1 54.041.717,15",-,-,-,-,"154.041.717,15",ARARAQUARA,"Não cumprimento do disposto no art. 14, § 1º, III da Lei nº 14113/2020",-21.7916445535166,-48.18127581782254
SP,3503307,ARARAS,"1 20.389.515,15",-,-,-,-,"120.389.515,15",ARARAS,"Não cumprimento do disposto no art. 14, § 1º, III da Lei nº 14113/2020",-22.346110281976458,-47.32390937939597
SP,3503406,AREALVA,"6 .316.518,39",-,-,"4 71.595,51","4 71.595,51","6.788.113,90",AREALVA,,-22.076224961394345,-48.98188112393882
SP,3503505,AREIAS,"4 .257.213,82",-,-,-,-,"4.257.213,82",AREIAS,"Não cumprimento do disposto no art. 14, § 1º, I e V da Lei nº 14113/2020",-22.673185558456755,-44.712363467067824
SP,3503703,ARIRANHA,"5 .708.591,20",-,-,"2 02.474,18","2 02.474,18","5.911.065,38",ARIRANHA,,-21.185651002478927,-48.779203325124165
SP,3503802,ARTUR NOGUEIRA,"4 2.619.926,68",-,-,-,-,"42.619.926,68",ARTUR NOGUEIRA,"Não cumprimento do disposto no art. 14, § 1º, I e III da Lei nº 14113/2020",-22.5612480725299,-47.13213593925919
SP,3504008,ASSIS,"8 4.052.908,93",-,-,-,-,"84.052.908,93",ASSIS,"Não cumprimento do disposto no art. 14, § 1º, III da Lei nº 14113/2020",-22.60174773267543,-50.42071356328535
SP,3504107,ATIBAIA,"1 37.341.029,90",-,-,-,-,"137.341.029,90",ATIBAIA,"Não cumprimento do disposto no art. 14, § 1º, III da Lei nº 14113/2020",-23.1233451249278,-46.58682603981098
SP,3504206,AURIFLAMA,"8 .687.578,88",-,-,-,-,"8.687.578,88",AURIFLAMA,"Não cumprimento do disposto no art. 14, § 1º, III da Lei nº 14113/2020",-20.644100083137037,-50.57997711734786
SP,3504404,AVANHANDAVA,"9 .753.160,90",-,-,-,-,"9.753.160,90",AVANHANDAVA,"Não cumprimento do disposto no art. 14, § 1º, I e V da Lei nº 14113/2020",-21.460518360888997,-49.9473242890534
SP,3504602,BADY BASSITT,"2 7.420.687,57",-,-,-,-,"27.420.687,57",BADY BASSITT,"Não cumprimento do disposto no art. 14, § 1º, I e III da Lei nº 14113/2020",-20.93153587501928,-49.43765125095303
SP,3504701,BALBINOS,"1 .225.245,53",-,-,-,-,"1.225.245,53",BALBINOS,"Não cumprimento do disposto no art. 14, § 1º, I da Lei nº 14113/2020",-21.89236402866932,-49.333055316829366
SP,3504909,BANANAL,"9 .944.937,25",-,-,-,-,"9.944.937,25",BANANAL,"Não cumprimento do disposto no art. 14, § 1º, I e II da Lei nº 14113/2020",-22.73381083229664,-44.33445535125917
SP,3505104,BARBOSA,"7 .183.065,05",-,"2 96.508,12",-,"2 96.508,12","7.479.573,17",BARBOSA,"Não cumprimento do disposto no art. 14, § 1º, III da Lei nº 14113/2020",-21.29073201998557,-49.921986518315855
SP,3505203,BARIRI,"2 9.118.258,51",-,-,-,-,"29.118.258,51",BARIRI,Não apresentou melhoria em nenhum dos indicadores de atendimento e de melhoria da aprendizagem com redução das desigualdades.,-22.066790382189964,-48.71883049398208
SP,3505302,BARRA BONITA,"1 9.024.644,35",-,-,"1 .520.037,65","1 .520.037,65","20.544.682,00",BARRA BONITA,,-22.47941079538592,-48.54174207424428
SP,3505401,BARRA DO TURVO,"5 .667.001,94",-,-,-,-,"5.667.001,94",BARRA DO TURVO,"Não cumprimento do disposto no art. 14, § 1º, I da Lei nº 14113/2020",-24.888677502385143,-48.426959415350005
SP,3505500,BARRETOS,"1 19.457.951,31",-,-,"4 .028.217,36","4 .028.217,36","123.486.168,67",BARRETOS,,-20.51416363636213,-48.651990691020266
SP,3505609,BARRINHA,"4 2.477.538,45",-,-,-,-,"42.477.538,45",BARRINHA,"Não cumprimento do disposto no art. 14, § 1º, I e III da Lei nº 14113/2020",-21.232534559863183,-48.09506835619223
SP,3505708,BARUERI,"5 07.968.432,85",-,-,-,-,"507.968.432,85",BARUERI,"Não cumprimento do disposto no art. 14, § 1º, III da Lei nº 14113/2020",-23.505255538667917,-46.87723973437879
SP,3505807,BASTOS,"1 7.318.381,29",-,"4 .301.159,46",-,"4 .301.159,46","21.619.540,75",BASTOS,"Não cumprimento do disposto no art. 14, § 1º, I da Lei nº 14113/2020",-21.95024846117339,-50.74390950633835
SP,3505906,BATATAIS,"3 9.109.398,43",-,-,"2 .896.334,50","2 .896.334,50","42.005.732,93",BATATAIS,,-20.86778234980486,-47.57475199619415
SP,3506003,BAURU,"1 90.803.498,22",-,-,-,-,"190.803.498,22",BAURU,"Não cumprimento do disposto no art. 14, § 1º, III da Lei nº 14113/2020",-22.253899466674497,-49.12613997539477
SP,3506102,BEBEDOURO,"5 4.527.822,03",-,-,-,-,"54.527.822,03",BEBEDOURO,"Não cumprimento do disposto no art. 14, § 1º, III da Lei nº 14113/2020",-20.940443000689807,-48.51072779769571
SP,3506201,BENTO DE ABREU,"2 .314.165,86",-,-,-,-,"2.314.165,86",BENTO DE ABREU,"Não cumprimento do disposto no art. 14, § 1º, I e III da Lei nº 14113/2020",-21.331694357880536,-50.86191571156688
SP,3506300,BERNARDINO DE CAMPOS,"8 .608.186,28",-,-,"6 13.807,21","6 13.807,21","9.221.993,49",BERNARDINO DE CAMPOS,,-23.0308602926466,-49.49186090638593
SP,3506359,BERTIOGA,"8 0.393.146,19",-,-,-,-,"80.393.146,19",BERTIOGA,"Não cumprimento do disposto no art. 14, § 1º, III da Lei nº 14113/2020",-23.759819092211817,-46.030058554426034
SP,3506409,BILAC,"6 .150.783,42",-,-,-,-,"6.150.783,42",BILAC,"Não cumprimento do disposto no art. 14, § 1º, I da Lei nº 14113/2020",-21.427707385362865,-50.479278616386175
SP,3506508,BIRIGUI,"8 9.417.925,79",-,-,-,-,"89.417.925,79",BIRIGUI,"Não cumprimento do disposto no art. 14, § 1º, III da Lei nº 14113/2020",-21.261674880897623,-50.35100180248788
SP,3506607,BIRITIBA MIRIM,"2 3.041.663,36",-,-,-,-,"23.041.663,36",BIRITIBA MIRIM,"Não cumprimento do disposto no art. 14, § 1º, I e III da Lei nº 14113/2020",-23.624160793405963,-46.021332412959616
SP,3506805,BOCAINA,"7 .730.573,21",-,-,-,-,"7.730.573,21",BOCAINA,"Não cumprimento do disposto no art. 14, § 1º, III da Lei nº 14113/2020",-22.105468245435556,-48.52903846142771
SP,3506904,BOFETE,"1 1.693.058,35",-,-,-,-,"11.693.058,35",BOFETE,"Não cumprimento do disposto no art. 14, § 1º, I e III da Lei nº 14113/2020",-23.12901149863348,-48.28587360486147
SP,3507001,BOITUVA,"7 5.456.564,42",-,-,-,-,"75.456.564,42",BOITUVA,"Não cumprimento do disposto no art. 14, § 1º, III da Lei nº 14113/2020",-23.28767473561714,-47.674937605213536
SP,3507407,BORBOREMA,"8 .092.044,72",-,-,-,-,"8.092.044,72",BORBOREMA,"Não cumprimento do disposto no art. 14, § 1º, I da Lei nº 14113/2020",-21.610778256524767,-49.07201334311464
SP,3507456,BOREBI,"5 .595.925,02",-,-,-,-,"5.595.925,02",BOREBI,"Não cumprimento do disposto no art. 14, § 1º, III da Lei nº 14113/2020",-22.680598188867243,-48.99232835389555
SP,3507506,BOTUCATU,"1 33.612.420,24",-,-,-,-,"133.612.420,24",BOTUCATU,"Não cumprimento do disposto no art. 14, § 1º, III da Lei nº 14113/2020",-22.863415114434336,-48.46830004986397
SP,3507753,BREJO ALEGRE,"2 .959.585,10",-,-,-,-,"2.959.585,10",BREJO ALEGRE,"Não cumprimento do disposto no art. 14, § 1º, III da Lei nº 14113/2020",-21.176605563123083,-50.20980723562507
SP,3507902,BROTAS,"2 1.019.863,68",-,-,-,-,"21.019.863,68",BROTAS,"Não cumprimento do disposto no art. 14, § 1º, I e V da Lei nº 14113/2020",-22.273351383330088,-48.08123373793086
SP,3508009,BURI,"3 2.471.009,01",-,-,"2 .380.800,78","2 .380.800,78","34.851.809,79",BURI,,-23.75204230358704,-48.57528930966664
SP,3508108,BURITAMA,"1 2.068.318,58",-,-,-,-,"12.068.318,58",BURITAMA,"Não cumprimento do disposto no art. 14, § 1º, I, II e V da Lei nº 14113/2020",-21.049091255187925,-50.200271494784026
SP,3508207,BURITIZAL,"5 .322.927,72",-,-,-,-,"5.322.927,72",BURITIZAL,Não apresentou melhoria em nenhum dos indicadores de atendimento e de melhoria da aprendizagem com redução das desigualdades.,-20.209305229936707,-47.69295396917601
SP,3508603,CACHOEIRA PAULISTA,"1 9.188.763,70",-,-,-,-,"19.188.763,70",CACHOEIRA PAULISTA,"Não cumprimento do disposto no art. 14, § 1º, II da Lei nº 14113/2020",-22.70230098776377,-44.99171144851991
SP,3508702,CACONDE,"1 1.768.240,79",-,-,-,-,"11.768.240,79",CACONDE,"Não cumprimento do disposto no art. 14, § 1º, I, II e V da Lei nº 14113/2020",-21.539494411936907,-46.6171015634065
SP,3508900,CAIABU,"2 .840.962,33",-,-,-,-,"2.840.962,33",CAIABU,"Não cumprimento do disposto no art. 14, § 1º, I e III da Lei nº 14113/2020",-21.949831280861392,-51.22389457446209
SP,3509007,CAIEIRAS,"7 2.248.286,25",-,-,-,-,"72.248.286,25",CAIEIRAS,"Não cumprimento do disposto no art. 14, § 1º, III da Lei nº 14113/2020",-23.37592127064723,-46.74521908305864
SP,3509205,CAJAMAR,"1 31.274.031,06",-,-,"4 .631.770,55","4 .631.770,55","135.905.801,61",CAJAMAR,,-23.351473694985238,-46.87200891957303
SP,3509254,CAJATI,"2 7.500.475,42",-,-,-,-,"27.500.475,42",CAJATI,"Não cumprimento do disposto no art. 14, § 1º, III da Lei nº 14113/2020",-24.77198946611262,-48.19498691383894
SP,3509304,CAJOBI,"1 0.588.786,98",-,-,-,-,"10.588.786,98",CAJOBI,"Não cumprimento do disposto no art. 14, § 1º, III da Lei nº 14113/2020",-20.873702588926736,-48.83872883641525
SP,3509403,CAJURU,"2 0.757.233,70",-,-,-,-,"20.757.233,70",CAJURU,"Não cumprimento do disposto no art. 14, § 1º, II e III da Lei nº 14113/2020",-21.27596108697353,-47.31028750470914
SP,3509452,CAMPINA DO MONTE ALEGRE,"7 .490.704,08",-,-,-,-,"7.490.704,08",CAMPINA DO MONTE ALEGRE,"Não cumprimento do disposto no art. 14, § 1º, I, II e V da Lei nº 14113/2020",-23.60678046639129,-48.44191044980152
SP,3509502,CAMPINAS,"5 28.535.586,37",-,-,-,-,"528.535.586,37",CAMPINAS,"Não cumprimento do disposto no art. 14, § 1º, II, III e V da Lei nº 14113/2020",-22.883754630939976,-47.043850498122055
SP,3509601,CAMPO LIMPO PAULISTA,"7 7.065.462,63",-,-,-,-,"77.065.462,63",CAMPO LIMPO PAULISTA,"Não cumprimento do disposto no art. 14, § 1º, III da Lei nº 14113/2020",-23.21795158062505,-46.76009281505825
SP,3509809,CAMPOS NOVOS PAULISTA,"4 .559.280,63",-,-,-,-,"4.559.280,63",CAMPOS NOVOS PAULISTA,"Não cumprimento do disposto no art. 14, § 1º, III da Lei nº 14113/2020",-22.610893101665766,-50.010210177207135
SP,3509957,CANAS,"6 .605.803,94",-,-,-,-,"6.605.803,94",CANAS,"Não cumprimento do disposto no art. 14, § 1º, I e III da Lei nº 14113/2020",-22.730173391253047,-45.04111899728814
SP,3510153,CANITAR,"8 .542.833,62",-,-,-,-,"8.542.833,62",CANITAR,"Não cumprimento do disposto no art. 14, § 1º, I, II e V da Lei nº 14113/2020",-23.018821695792536,-49.7919152366654
SP,3510302,CAPELA DO ALTO,"2 8.918.965,79",-,-,"9 68.397,21","9 68.397,21","29.887.363,00",CAPELA DO ALTO,,-23.467436351838533,-47.730999954042
SP,3510401,CAPIVARI,"5 2.650.939,58",-,-,"1 .801.525,15","1 .801.525,15","54.452.464,73",CAPIVARI,,-22.980708116594627,-47.47803609851957
SP,3510500,CARAGUATATUBA,"1 71.088.382,82",-,-,-,-,"171.088.382,82",CARAGUATATUBA,"Não cumprimento do disposto no art. 14, § 1º, III da Lei nº 14113/2020",-23.63962434351871,-45.48787006079076
SP,3510708,CARDOSO,"9 .798.714,69",-,-,"7 46.901,45","7 46.901,45","10.545.616,14",CARDOSO,,-20.067187732303893,-49.94750736366719
SP,3510807,CASA BRANCA,"2 1.227.882,66",-,-,-,-,"21.227.882,66",CASA BRANCA,Não apresentou melhoria em nenhum dos indicadores de atendimento e de melhoria da aprendizagem com redução das desigualdades.,-21.800531783032145,-47.088138314770994
SP,3511003,CASTILHO,"1 7.830.500,43",-,-,"1 .339.547,99","1 .339.547,99","19.170.048,42",CASTILHO,,-20.89767944156598,-51.57024047803719
SP,3511102,CATANDUVA,"8 6.221.289,62",-,-,"2 .941.106,84","2 .941.106,84","89.162.396,46",CATANDUVA,,-21.13375643758814,-48.963683810985856
SP,3511300,CEDRAL,"1 5.790.008,25",-,-,-,-,"15.790.008,25",CEDRAL,"Não cumprimento do disposto no art. 14, § 1º, II e III da Lei nº 14113/2020",-20.913954584470243,-49.26399518890919
SP,3511508,CERQUILHO,"4 7.866.653,20",-,-,-,-,"47.866.653,20",CERQUILHO,"Não cumprimento do disposto no art. 14, § 1º, I e III da Lei nº 14113/2020",-23.187130119553697,-47.75709652194288
SP,3511706,CHARQUEADA,"1 8.906.976,09",-,"7 33.236,69","1 .363.393,44","2 .096.630,13","21.003.606,22",CHARQUEADA,,-22.53015160568654,-47.74629791594071
SP,3557204,CHAVANTES,"1 0.660.689,34",-,-,-,-,"10.660.689,34",CHAVANTES,"Não cumprimento do disposto no art. 14, § 1º, I e III da Lei nº 14113/2020",-23.046357558772936,-49.72656855996412
SP,3511904,CLEMENTINA,"7 .892.391,63",-,-,-,-,"7.892.391,63",CLEMENTINA,"Não cumprimento do disposto no art. 14, § 1º, I da Lei nº 14113/2020",-21.5703012983037,-50.460080420448655
SP,3512001,COLINA,"2 2.124.288,64",-,-,-,-,"22.124.288,64",COLINA,Não apresentou melhoria em nenhum dos indicadores de atendimento e de melhoria da aprendizagem com redução das desigualdades.,-20.746197915715133,-48.58898396954181
SP,3512209,CONCHAL,"2 9.197.487,33",-,-,-,-,"29.197.487,33",CONCHAL,"Não cumprimento do disposto no art. 14, § 1º, III da Lei nº 14113/2020",-22.369286446693053,-47.14115985736122
SP,3512308,CONCHAS,"1 8.859.090,40",-,-,-,-,"18.859.090,40",CONCHAS,"Não cumprimento do disposto no art. 14, § 1º, I, II e III da Lei nº 14113/2020",-22.965625895632645,-48.04706532808847
SP,3512506,COROADOS,"4 .321.697,42",-,-,-,-,"4.321.697,42",COROADOS,"Não cumprimento do disposto no art. 14, § 1º, I da Lei nº 14113/2020",-21.375632022702398,-50.30346410159776
SP,3512605,CORONEL MACEDO,"4 .307.902,55",-,-,"1 29.489,30","1 29.489,30","4.437.391,85",CORONEL MACEDO,,-23.630165875114688,-49.30680793971185
SP,3512902,COSMORAMA,"9 .258.642,36",-,-,-,-,"9.258.642,36",COSMORAMA,"Não cumprimento do disposto no art. 14, § 1º, III da Lei nº 14113/2020",-20.44252704559033,-49.77457805433547
SP,3513009,COTIA,"2 35.336.730,14",-,-,-,-,"235.336.730,14",COTIA,"Não cumprimento do disposto no art. 14, § 1º, II da Lei nº 14113/2020",-23.675130957167895,-46.96044211794979
SP,3513108,CRAVINHOS,"2 8.994.705,89",-,-,-,-,"28.994.705,89",CRAVINHOS,"Não cumprimento do disposto no art. 14, § 1º, III da Lei nº 14113/2020",-21.33956065331468,-47.744559268625466
SP,3513207,CRISTAIS PAULISTA,"1 2.605.984,11",-,"4 33.118,34",-,"4 33.118,34","13.039.102,45",CRISTAIS PAULISTA,"Não cumprimento do disposto no art. 14, § 1º, I, II e III da Lei nº 14113/2020",-20.37132030131485,-47.40088579016204
SP,3513405,CRUZEIRO,"5 2.048.811,92",-,-,-,-,"52.048.811,92",CRUZEIRO,"Não cumprimento do disposto no art. 14, § 1º, III da Lei nº 14113/2020",-22.551362827547305,-45.00630481042368
SP,3513603,CUNHA,"1 3.040.190,18",-,-,-,-,"13.040.190,18",CUNHA,"Não cumprimento do disposto no art. 14, § 1º, III da Lei nº 14113/2020",-23.05288302858338,-44.942119319966125
SP,3513702,DESCALVADO,"3 0.761.710,31",-,-,-,-,"30.761.710,31",DESCALVADO,"Não cumprimento do disposto no art. 14, § 1º, I da Lei nº 14113/2020",-21.881201876208745,-47.6546268026342
SP,3513801,DIADEMA,"2 62.958.796,77",-,-,-,-,"262.958.796,77",DIADEMA,"Não cumprimento do disposto no art. 14, § 1º, III da Lei nº 14113/2020",-23.697119899667832,-46.61134223532744
SP,3513850,DIRCE REIS,"1 .090.195,81",-,-,-,-,"1.090.195,81",DIRCE REIS,"Não cumprimento do disposto no art. 14, § 1º, I da Lei nº 14113/2020",-20.44847645903061,-50.62811255674651
SP,3514007,DOBRADA,"5 .471.676,67",-,-,"1 72.750,51","1 72.750,51","5.644.427,18",DOBRADA,,-21.516189968331776,-48.35747004594885
SP,3514304,DOURADO,"8 .505.032,14",-,-,-,-,"8.505.032,14",DOURADO,"Não cumprimento do disposto no art. 14, § 1º, I, II e V da Lei nº 14113/2020",-22.117247410746085,-48.33339742984872
SP,3514403,DRACENA,"3 1.954.298,31",-,-,"1 .144.584,18","1 .144.584,18","33.098.882,49",DRACENA,,-21.5566602559992,-51.58408995480293
SP,3514502,DUARTINA,"9 .276.075,70",-,-,-,-,"9.276.075,70",DUARTINA,"Não cumprimento do disposto no art. 14, § 1º, I da Lei nº 14113/2020",-22.393295136553643,-49.41333860655509
SP,3514601,DUMONT,"1 2.158.876,82",-,-,-,-,"12.158.876,82",DUMONT,"Não cumprimento do disposto no art. 14, § 1º, I e III da Lei nº 14113/2020",-21.247090743985677,-47.979778981625685
SP,3514809,ELDORADO,"1 2.996.825,06",-,-,"8 99.654,99","8 99.654,99","13.896.480,05",ELDORADO,,-24.49505246506111,-48.2336124051708
SP,3514908,ELIAS FAUSTO,"2 3.490.284,50",-,-,"1 .738.090,96","1 .738.090,96","25.228.375,46",ELIAS FAUSTO,,-23.07062788588866,-47.37069508194799
SP,3515152,ENGENHEIRO COELHO,"1 8.087.788,25",-,-,-,-,"18.087.788,25",ENGENHEIRO COELHO,"Não cumprimento do disposto no art. 14, § 1º, III da Lei nº 14113/2020",-22.487136330174927,-47.17487147026161
SP,3557303,ESTIVA GERBI,"1 5.473.641,47",-,-,-,-,"15.473.641,47",ESTIVA GERBI,"Não cumprimento do disposto no art. 14, § 1º, III da Lei nº 14113/2020",-22.236012492207163,-46.94315231505268
SP,3515301,ESTRELA DO NORTE,"2 .480.865,66",-,-,"9 8.305,16","9 8.305,16","2.579.170,82",ESTRELA DO NORTE,,-22.485631905139847,-51.66906502226006
SP,3515350,EUCLIDES DA CUNHA PAULISTA,"6 .425.125,16",-,-,"2 34.846,51","2 34.846,51","6.659.971,67",EUCLIDES DA CUNHA PAULISTA,,-22.51894168867677,-52.58868021240416
SP,3515400,FARTURA,"1 6.434.445,91",-,-,-,-,"16.434.445,91",FARTURA,"Não cumprimento do disposto no art. 14, § 1º, I da Lei nº 14113/2020",-23.3901484411153,-49.51966363140791
SP,3515608,FERNANDO PRESTES,"8 .391.359,50",-,"3 99.722,15",-,"3 99.722,15","8.791.081,65",FERNANDO PRESTES,"Não cumprimento do disposto no art. 14, § 1º, I da Lei nº 14113/2020",-21.310236369222597,-48.69565520579618
SP,3515707,FERRAZ DE VASCONCELOS,"1 54.844.858,47",-,"3 .185.403,65",-,"3 .185.403,65","158.030.262,12",FERRAZ DE VASCONCELOS,"Não cumprimento do disposto no art. 14, § 1º, III da Lei nº 14113/2020",-23.56090093608267,-46.37395685813249
SP,3515806,FLORA RICA,"1 .387.127,06",-,-,-,-,"1.387.127,06",FLORA RICA,"Não cumprimento do disposto no art. 14, § 1º, I da Lei nº 14113/2020",-21.69849475333761,-51.37421280583444
SP,3515905,FLOREAL,"2 .345.636,77",-,-,"7 1.219,12","7 1.219,12","2.416.855,89",FLOREAL,,-20.669707638627965,-50.15492910608703
SP,3516200,FRANCA,"2 29.116.470,10",-,-,-,-,"229.116.470,10",FRANCA,"Não cumprimento do disposto no art. 14, § 1º, III da Lei nº 14113/2020",-20.555285909576515,-47.38106245315191
SP,3516309,FRANCISCO MORATO,"1 77.270.746,94",-,"1 9.533.517,16",-,"1 9.533.517,16","196.804.264,10",FRANCISCO MORATO,"Não cumprimento do disposto no art. 14, § 1º, III da Lei nº 14113/2020",-23.27375236316196,-46.72364053928491
SP,3516408,FRANCO DA ROCHA,"1 36.374.369,76",-,-,-,-,"136.374.369,76",FRANCO DA ROCHA,"Não cumprimento do disposto no art. 14, § 1º, III da Lei nº 14113/2020",-23.314191253867477,-46.73574070778529
SP,3516507,GABRIEL MONTEIRO,"3 .019.850,42",-,-,-,-,"3.019.850,42",GABRIEL MONTEIRO,"Não cumprimento do disposto no art. 14, § 1º, I, II e V da Lei nº 14113/2020",-21.49964769339062,-50.56481120650001
SP,3516903,GENERAL SALGADO,"9 .940.128,17",-,-,-,-,"9.940.128,17",GENERAL SALGADO,"Não cumprimento do disposto no art. 14, § 1º, I da Lei nº 14113/2020",-20.63823577390615,-50.41581289616272
SP,3517000,GETULINA,"5 .547.007,80",-,-,-,-,"5.547.007,80",GETULINA,"Não cumprimento do disposto no art. 14, § 1º, I e III da Lei nº 14113/2020",-21.783229751618112,-50.02794303233269
SP,3517604,GUAPIARA,"1 6.425.129,42",-,-,-,-,"16.425.129,42",GUAPIARA,"Não cumprimento do disposto no art. 14, § 1º, I da Lei nº 14113/2020",-24.21251797852269,-48.55581661203434
SP,3517901,GUARACI,"1 3.185.006,00",-,-,"4 66.498,20","4 66.498,20","13.651.504,20",GUARACI,,-20.3747796450057,-49.00277937485971
SP,3518206,GUARARAPES,"2 3.668.725,03",-,-,"9 11.428,13","9 11.428,13","24.580.153,16",GUARARAPES,,-21.28529000647281,-50.69516951255806
SP,3518305,GUARAREMA,"3 3.042.819,17",-,-,"1 .187.181,49","1 .187.181,49","34.230.000,66",GUARAREMA,,-23.427575274495783,-46.05856184617405
SP,3518602,GUARIBA,"4 6.506.414,24",-,-,-,-,"46.506.414,24",GUARIBA,Não apresentou melhoria em nenhum dos indicadores de atendimento e de melhoria da aprendizagem com redução das desigualdades.,-21.39590793697782,-48.226460886097385
SP,3518800,GUARULHOS,"8 61.092.977,33",-,-,-,-,"861.092.977,33",GUARULHOS,"Não cumprimento do disposto no art. 14, § 1º, III da Lei nº 14113/2020",-23.4026907811443,-46.45484853196005
SP,3519055,HOLAMBRA,"2 1.778.281,67",-,-,-,-,"21.778.281,67",HOLAMBRA,"Não cumprimento do disposto no art. 14, § 1º, II da Lei nº 14113/2020",-22.63036785411507,-47.0650552712179
SP,3519105,IACANGA,"1 2.314.404,95",-,-,"8 89.276,99","8 89.276,99","13.203.681,94",IACANGA,,-21.8909385811259,-49.03963250574353
SP,3519204,IACRI,"2 .545.776,59",-,-,"9 2.996,86","9 2.996,86","2.638.773,45",IACRI,,-21.79984776053102,-50.61946525931292
SP,3519253,IARAS,"9 .066.877,80",-,-,-,-,"9.066.877,80",IARAS,"Não cumprimento do disposto no art. 14, § 1º, I, II e III da Lei nº 14113/2020",-22.81920947176087,-49.10680541511443
SP,3519501,IBIRAREMA,"5 .650.910,18",-,-,-,-,"5.650.910,18",IBIRAREMA,"Não cumprimento do disposto no art. 14, § 1º, I da Lei nº 14113/2020",-22.81330479363722,-50.07687775841689
SP,3519600,IBITINGA,"4 1.452.286,77",-,-,-,-,"41.452.286,77",IBITINGA,"Não cumprimento do disposto no art. 14, § 1º, III da Lei nº 14113/2020",-21.79290411216223,-48.847875144559005
SP,3520103,IGARAPAVA,"2 4.598.739,58",-,-,-,-,"24.598.739,58",IGARAPAVA,"Não cumprimento do disposto no art. 14, § 1º, III da Lei nº 14113/2020",-20.06367844981845,-47.682431821579904
SP,3520301,IGUAPE,"2 2.430.213,24",-,-,-,-,"22.430.213,24",IGUAPE,"Não cumprimento do disposto no art. 14, § 1º, I da Lei nº 14113/2020",-24.54948917950177,-47.474325953618354
SP,3520426,ILHA COMPRIDA,"1 8.920.191,08",-,-,"1 .385.090,19","1 .385.090,19","20.305.281,27",ILHA COMPRIDA,,-24.85893317584064,-47.71517932727811
SP,3520442,ILHA SOLTEIRA,"2 0.266.341,83",-,-,-,-,"20.266.341,83",ILHA SOLTEIRA,"Não cumprimento do disposto no art. 14, § 1º, III da Lei nº 14113/2020",-20.43142182377482,-51.25903582703388
SP,3520400,ILHABELA,"5 7.844.658,00",-,-,-,-,"57.844.658,00",ILHABELA,"Não cumprimento do disposto no art. 14, § 1º, I e III da Lei nº 14113/2020",-23.84851718675476,-45.323260520723125
SP,3520509,INDAIATUBA,"2 19.693.330,89",-,-,-,-,"219.693.330,89",INDAIATUBA,"Não cumprimento do disposto no art. 14, § 1º, III da Lei nº 14113/2020",-23.10605260971375,-47.20256669381766
SP,3520608,INDIANA,"3 .808.326,57",-,-,-,-,"3.808.326,57",INDIANA,"Não cumprimento do disposto no art. 14, § 1º, III da Lei nº 14113/2020",-22.133269023983157,-51.262554670698655
SP,3520905,IPAUSSU,"1 6.995.512,86",-,-,-,-,"16.995.512,86",IPAUSSU,"Não cumprimento do disposto no art. 14, § 1º, III da Lei nº 14113/2020",-23.0650695949006,-49.608108978959606
SP,3521200,IPORANGA,"3 .882.827,93",-,-,"2 54.196,63","2 54.196,63","4.137.024,56",IPORANGA,,-24.51269030037149,-48.54630623170817
SP,3521606,IRAPURU,"3 .861.405,61",-,-,"1 51.561,34","1 51.561,34","4.012.966,95",IRAPURU,,-21.48427953480708,-51.346484409996926
SP,3521903,ITAJOBI,"1 9.269.832,00",-,-,-,-,"19.269.832,00",ITAJOBI,"Não cumprimento do disposto no art. 14, § 1º, III da Lei nº 14113/2020",-21.35556830945776,-49.05367456744878
SP,3522000,ITAJU,"3 .725.552,85",-,-,-,-,"3.725.552,85",ITAJU,"Não cumprimento do disposto no art. 14, § 1º, I, II e V da Lei nº 14113/2020",-21.95163947148493,-48.79402943543077
SP,3522158,ITAOCA,"3 .695.689,99",-,"2 7.166,64","1 04.180,03","1 31.346,67","3.827.036,66",ITAOCA,,-24.617831651980232,-48.83894476882674
SP,3522208,ITAPECERICA DA SERRA,"1 26.141.446,21",-,-,-,-,"126.141.446,21",ITAPECERICA DA SERRA,"Não cumprimento do disposto no art. 14, § 1º, III da Lei nº 14113/2020",-23.737248501991893,-46.85890802022683
SP,3522307,ITAPETININGA,"1 24.536.810,91",-,-,-,-,"124.536.810,91",ITAPETININGA,"Não cumprimento do disposto no art. 14, § 1º, III da Lei nº 14113/2020",-23.64545924860872,-48.12324890453438
SP,3522406,ITAPEVA,"1 17.514.695,71",-,-,-,-,"117.514.695,71",ITAPEVA,"Não cumprimento do disposto no art. 14, § 1º, III da Lei nº 14113/2020",-23.9140736304,-48.87172310789639
SP,3522505,ITAPEVI,"2 18.421.700,79",-,-,-,-,"218.421.700,79",ITAPEVI,"Não cumprimento do disposto no art. 14, § 1º, III da Lei nº 14113/2020",-23.550960348366797,-46.96767841157836
SP,3522604,ITAPIRA,"4 5.021.986,62",-,-,-,-,"45.021.986,62",ITAPIRA,"Não cumprimento do disposto no art. 14, § 1º, III da Lei nº 14113/2020",-22.431919013024636,-46.772094861237385
SP,3522802,ITAPORANGA,"1 1.410.376,85",-,-,-,-,"11.410.376,85",ITAPORANGA,"Não cumprimento do disposto no art. 14, § 1º, I e III da Lei nº 14113/2020",-23.672909644513396,-49.45849103453046
SP,3523008,ITAPURA,"3 .375.008,93",-,-,"2 62.563,75","2 62.563,75","3.637.572,68",ITAPURA,,-20.594995935010008,-51.44046730556028
SP,3523107,ITAQUAQUECETUBA,"3 29.794.849,77",-,"2 8.163.059,57","25.288.932,58","5 3.451.992,15","383.246.841,92",ITAQUAQUECETUBA,,-23.46148964830576,-46.33393684997863
SP,3523305,ITARIRI,"1 1.632.625,91",-,-,-,-,"11.632.625,91",ITARIRI,"Não cumprimento do disposto no art. 14, § 1º, III da Lei nº 14113/2020",-24.292619279537867,-47.128052690436384
SP,3523404,ITATIBA,"1 22.351.273,48",-,-,-,-,"122.351.273,48",ITATIBA,"Não cumprimento do disposto no art. 14, § 1º, III da Lei nº 14113/2020",-23.006653288287374,-46.81434363161433
SP,3523503,ITATINGA,"1 9.725.824,97",-,-,"1 .322.733,13","1 .322.733,13","21.048.558,10",ITATINGA,,-23.15362681730537,-48.62939317336495
SP,3523602,ITIRAPINA,"1 6.575.368,39",-,-,-,-,"16.575.368,39",ITIRAPINA,"Não cumprimento do disposto no art. 14, § 1º, III da Lei nº 14113/2020",-22.29455888259015,-47.83404685458375
SP,3523800,ITOBI,"3 .040.907,28",-,-,-,-,"3.040.907,28",ITOBI,"Não cumprimento do disposto no art. 14, § 1º, I da Lei nº 14113/2020",-21.749100508718865,-46.92198287207815
SP,3523909,ITU,"1 37.725.241,35",-,-,"9 .691.798,66","9 .691.798,66","147.417.040,01",ITU,,-23.307105570422816,-47.28455201133518
SP,3524006,ITUPEVA,"5 5.229.171,89",-,-,-,-,"55.229.171,89",ITUPEVA,"Não cumprimento do disposto no art. 14, § 1º, III da Lei nº 14113/2020",-23.14652030922569,-47.06844870807775
SP,3524105,ITUVERAVA,"3 5.761.013,73",-,-,"1 .183.561,78","1 .183.561,78","36.944.575,51",ITUVERAVA,,-20.329489502234654,-47.80959913475954
SP,3524204,JABORANDI,"1 0.084.160,95",-,-,"5 71.092,76","5 71.092,76","10.655.253,71",JABORANDI,,-20.65003642430384,-48.41599152150666
SP,3524303,JABOTICABAL,"4 9.841.768,76",-,-,-,-,"49.841.768,76",JABOTICABAL,"Não cumprimento do disposto no art. 14, § 1º, III da Lei nº 14113/2020",-21.218344614910883,-48.28792826364892
SP,3524501,JACI,"7 .621.197,85",-,"6 69.620,35","264.548,94","9 34.169,29","8.555.367,14",JACI,,-20.94524740061347,-49.5811440472445
SP,3524600,JACUPIRANGA,"1 3.607.614,62",-,-,-,-,"13.607.614,62",JACUPIRANGA,"Não cumprimento do disposto no art. 14, § 1º, III da Lei nº 14113/2020",-24.77729097335556,-48.05384154438075
SP,3524808,JALES,"3 0.954.724,60",-,-,-,-,"30.954.724,60",JALES,"Não cumprimento do disposto no art. 14, § 1º, III da Lei nº 14113/2020",-20.28578496923909,-50.55412264371874
SP,3524907,JAMBEIRO,"8 .453.503,88",-,-,-,-,"8.453.503,88",JAMBEIRO,"Não cumprimento do disposto no art. 14, § 1º, I da Lei nº 14113/2020",-23.279333045425464,-45.71067561311086
SP,3525003,JANDIRA,"8 4.636.455,61",-,-,-,-,"84.636.455,61",JANDIRA,"Não cumprimento do disposto no art. 14, § 1º, III da Lei nº 14113/2020",-23.54412707908971,-46.8997346559568
SP,3525201,JARINU,"3 7.941.199,75",-,-,-,-,"37.941.199,75",JARINU,"Não cumprimento do disposto no art. 14, § 1º, III da Lei nº 14113/2020",-23.11196280219104,-46.72136358271149
SP,3525409,JERIQUARA,"5 .607.231,85",-,-,"2 14.834,53","2 14.834,53","5.822.066,38",JERIQUARA,,-20.34016063711269,-47.57411182619817
SP,3525854,JUMIRIM,"5 .028.456,27",-,-,-,-,"5.028.456,27",JUMIRIM,"Não cumprimento do disposto no art. 14, § 1º, I e III da Lei nº 14113/2020",-23.09954114605264,-47.78806406155879
SP,3526209,JUQUITIBA,"1 9.825.227,82",-,-,-,-,"19.825.227,82",JUQUITIBA,"Não cumprimento do disposto no art. 14, § 1º, III da Lei nº 14113/2020",-23.95516625730165,-47.02463937319118
SP,3526308,LAGOINHA,"3 .492.885,09",-,-,-,-,"3.492.885,09",LAGOINHA,"Não cumprimento do disposto no art. 14, § 1º, I da Lei nº 14113/2020",-23.085783478605048,-45.20680955157563
SP,3526407,LARANJAL PAULISTA,"3 1.043.683,97",-,-,-,-,"31.043.683,97",LARANJAL PAULISTA,"Não cumprimento do disposto no art. 14, § 1º, III da Lei nº 14113/2020",-23.012212685005185,-47.865669287326114
SP,3526605,LAVRINHAS,"7 .155.555,44",-,-,-,-,"7.155.555,44",LAVRINHAS,"Não cumprimento do disposto no art. 14, § 1º, I e V da Lei nº 14113/2020",-22.520275496722363,-44.88883402457312
SP,3526704,LEME,"8 3.125.411,33",-,-,-,-,"83.125.411,33",LEME,"Não cumprimento do disposto no art. 14, § 1º, I e III da Lei nº 14113/2020",-22.17213754520668,-47.337578741183584
SP,3526902,LIMEIRA,"1 96.029.808,76",-,-,-,-,"196.029.808,76",LIMEIRA,"Não cumprimento do disposto no art. 14, § 1º, III da Lei nº 14113/2020",-22.598445722373743,-47.36362607408785
SP,3527108,LINS,"3 8.848.935,46",-,-,-,-,"38.848.935,46",LINS,"Não cumprimento do disposto no art. 14, § 1º, III da Lei nº 14113/2020",-21.64976052442817,-49.68287517328753
SP,3527207,LORENA,"6 2.505.410,26",-,-,-,-,"62.505.410,26",LORENA,"Não cumprimento do disposto no art. 14, § 1º, III da Lei nº 14113/2020",-22.79394270763966,-45.06004569691484
SP,3527256,LOURDES,"2 .300.879,01",-,-,-,-,"2.300.879,01",LOURDES,"Não cumprimento do disposto no art. 14, § 1º, I da Lei nº 14113/2020",-20.94917247382566,-50.23409352610224
SP,3527306,LOUVEIRA,"5 9.487.779,53",-,-,-,-,"59.487.779,53",LOUVEIRA,"Não cumprimento do disposto no art. 14, § 1º, III da Lei nº 14113/2020",-23.084033142957335,-46.93761030678429
SP,3528007,MACATUBA,"1 6.049.960,35",-,-,-,-,"16.049.960,35",MACATUBA,"Não cumprimento do disposto no art. 14, § 1º, III da Lei nº 14113/2020",-22.487155869556105,-48.71935915243708
SP,3528106,MACAUBAL,"4 .445.141,63",-,-,-,-,"4.445.141,63",MACAUBAL,"Não cumprimento do disposto no art. 14, § 1º, I e III da Lei nº 14113/2020",-20.837887142896264,-49.97498456853069
SP,3528304,MAGDA,"2 .858.464,98",-,-,-,-,"2.858.464,98",MAGDA,"Não cumprimento do disposto no art. 14, § 1º, III da Lei nº 14113/2020",-20.596553845531453,-50.23008744813629
SP,3528403,MAIRINQUE,"6 2.148.727,22",-,-,-,-,"62.148.727,22",MAIRINQUE,"Não cumprimento do disposto no art. 14, § 1º, I, II e V da Lei nº 14113/2020",-23.50800549097648,-47.22929659038523
SP,3528601,MANDURI,"7 .394.710,16",-,-,-,-,"7.394.710,16",MANDURI,"Não cumprimento do disposto no art. 14, § 1º, I da Lei nº 14113/2020",-23.047090912768464,-49.30362682342072
SP,3528858,MARAPOAMA,"3 .387.570,89",-,-,-,-,"3.387.570,89",MARAPOAMA,"Não cumprimento do disposto no art. 14, § 1º, I da Lei nº 14113/2020",-21.25552925649736,-49.13780512438967
SP,3529609,MERIDIANO,"4 .785.381,71",-,-,-,-,"4.785.381,71",MERIDIANO,"Não cumprimento do disposto no art. 14, § 1º, I e III da Lei nº 14113/2020",-20.39820531544463,-50.1866333711225
SP,3530003,MIRA ESTRELA,"2 .529.296,84",-,-,-,-,"2.529.296,84",MIRA ESTRELA,"Não cumprimento do disposto no art. 14, § 1º, I da Lei nº 14113/2020",-19.951848966032724,-50.1243023262891
SP,3529906,MIRACATU,"1 9.577.238,74",-,-,-,-,"19.577.238,74",MIRACATU,"Não cumprimento do disposto no art. 14, § 1º, III da Lei nº 14113/2020",-24.195052541396272,-47.39464898965537
SP,3530201,MIRANTE DO PARANAPANEMA,"1 1.044.056,17",-,-,-,-,"11.044.056,17",MIRANTE DO PARANAPANEMA,"Não cumprimento do disposto no art. 14, § 1º, III da Lei nº 14113/2020",-22.3492413639436,-51.99796952869839
SP,3530300,MIRASSOL,"4 2.159.848,41",-,-,"3 .039.936,11","3 .039.936,11","45.199.784,52",MIRASSOL,,-20.827596988327496,-49.50424269826822
SP,3530508,MOCOCA,"3 5.529.992,24",-,-,-,-,"35.529.992,24",MOCOCA,"Não cumprimento do disposto no art. 14, § 1º, III da Lei nº 14113/2020",-21.449557068968787,-47.0328744139068
SP,3530607,MOGI DAS CRUZES,"3 98.348.607,44",-,-,-,-,"398.348.607,44",MOGI DAS CRUZES,"Não cumprimento do disposto no art. 14, § 1º, III da Lei nº 14113/2020",-23.569592680577056,-46.18606608047926
SP,3530805,MOGI MIRIM,"6 7.563.293,30",-,-,-,-,"67.563.293,30",MOGI MIRIM,"Não cumprimento do disposto no art. 14, § 1º, III da Lei nº 14113/2020",-22.45132489917724,-46.9883775738103
SP,3530904,MOMBUCA,"6 .173.251,54",-,-,-,-,"6.173.251,54",MOMBUCA,"Não cumprimento do disposto no art. 14, § 1º, I, II e V da Lei nº 14113/2020",-22.942703748428883,-47.60207253865615
SP,3531209,MONTE ALEGRE DO SUL,"7 .931.548,70",-,-,-,-,"7.931.548,70",MONTE ALEGRE DO SUL,"Não cumprimento do disposto no art. 14, § 1º, III da Lei nº 14113/2020",-22.70430412261777,-46.66765379848705
SP,3531308,MONTE ALTO,"3 6.796.232,89",-,-,"1 .222.927,28","1 .222.927,28","38.019.160,17",MONTE ALTO,,-21.259308770182017,-48.53301775677264
SP,3531506,MONTE AZUL PAULISTA,"1 7.640.133,73",-,-,-,-,"17.640.133,73",MONTE AZUL PAULISTA,"Não cumprimento do disposto no art. 14, § 1º, III da Lei nº 14113/2020",-20.908885795190717,-48.681283158844046
SP,3531605,MONTE CASTELO,"3 .441.321,08",-,-,"1 35.963,77","1 35.963,77","3.577.284,85",MONTE CASTELO,,-21.254900658892065,-51.57136182825841
SP,3531803,MONTE MOR,"8 4.420.753,26",-,-,-,-,"84.420.753,26",MONTE MOR,"Não cumprimento do disposto no art. 14, § 1º, III da Lei nº 14113/2020",-22.953233770143232,-47.30739652545498
SP,3531704,MONTEIRO LOBATO,"3 .990.023,61",-,-,-,-,"3.990.023,61",MONTEIRO LOBATO,"Não cumprimento do disposto no art. 14, § 1º, III da Lei nº 14113/2020",-22.93651487596844,-45.80425881161303
SP,3531902,MORRO AGUDO,"3 0.534.297,32",-,-,-,-,"30.534.297,32",MORRO AGUDO,"Não cumprimento do disposto no art. 14, § 1º, III da Lei nº 14113/2020",-20.688749007595604,-48.15331125566452
SP,3532009,MORUNGABA,"1 4.986.475,77",-,-,-,-,"14.986.475,77",MORUNGABA,"Não cumprimento do disposto no art. 14, § 1º, III da Lei nº 14113/2020",-22.89387021509029,-46.782645227546375
SP,3532058,MOTUCA,"4 .890.257,84",-,-,-,-,"4.890.257,84",MOTUCA,"Não cumprimento do disposto no art. 14, § 1º, I e III da Lei nº 14113/2020",-21.51373398980896,-48.17036124679844
SP,3532108,MURUTINGA DO SUL,"3 .471.490,76",-,-,-,-,"3.471.490,76",MURUTINGA DO SUL,"Não cumprimento do disposto no art. 14, § 1º, III da Lei nº 14113/2020",-20.99681512225263,-51.30139142798858
SP,3532157,NANTES,"2 .345.960,84",-,-,-,-,"2.345.960,84",NANTES,"Não cumprimento do disposto no art. 14, § 1º, III e V da Lei nº 14113/2020",-22.59687473998377,-51.20088490116715
SP,3532207,NARANDIBA,"9 .460.886,32",-,-,-,-,"9.460.886,32",NARANDIBA,"Não cumprimento do disposto no art. 14, § 1º, III da Lei nº 14113/2020",-22.563710887121918,-51.52168524632137
SP,3532306,NATIVIDADE DA SERRA,"4 .675.539,55",-,-,-,-,"4.675.539,55",NATIVIDADE DA SERRA,"Não cumprimento do disposto no art. 14, § 1º, I, II e III da Lei nº 14113/2020",-23.4151479990618,-45.38153997268653
SP,3532504,NEVES PAULISTA,"6 .439.823,90",-,-,-,-,"6.439.823,90",NEVES PAULISTA,"Não cumprimento do disposto no art. 14, § 1º, I da Lei nº 14113/2020",-20.870476722140666,-49.64647467674453
SP,3532603,NHANDEARA,"5 .203.396,65",-,-,"1 93.645,37","1 93.645,37","5.397.042,02",NHANDEARA,,-20.67298801785721,-50.04687773954212
SP,3532827,NOVA CAMPINA,"1 2.467.601,74",-,-,"8 94.001,07","8 94.001,07","13.361.602,81",NOVA CAMPINA,,-24.190620755420984,-48.97294835910721
SP,3532868,NOVA CASTILHO,"1 .372.654,40",-,-,-,-,"1.372.654,40",NOVA CASTILHO,"Não cumprimento do disposto no art. 14, § 1º, I da Lei nº 14113/2020",-20.77787854426601,-50.34579503212738
SP,3532900,NOVA EUROPA,"1 1.431.805,50",-,-,-,-,"11.431.805,50",NOVA EUROPA,"Não cumprimento do disposto no art. 14, § 1º, III da Lei nº 14113/2020",-21.77429316867239,-48.54963719073677
SP,3533007,NOVA GRANADA,"1 4.252.710,73",-,-,-,-,"14.252.710,73",NOVA GRANADA,"Não cumprimento do disposto no art. 14, § 1º, I e III da Lei nº 14113/2020",-20.47600892094697,-49.33112877115045
SP,3533106,NOVA GUATAPORANGA,"1 .876.861,41",-,-,-,-,"1.876.861,41",NOVA GUATAPORANGA,"Não cumprimento do disposto no art. 14, § 1º, I, II e V da Lei nº 14113/2020",-21.3224267538889,-51.64555503943826
SP,3533403,NOVA ODESSA,"4 2.290.619,40",-,-,-,-,"42.290.619,40",NOVA ODESSA,"Não cumprimento do disposto no art. 14, § 1º, III da Lei nº 14113/2020",-22.78413124879324,-47.28515204615263
SP,3533254,NOVAIS,"7 .055.873,03",-,-,-,-,"7.055.873,03",NOVAIS,"Não cumprimento do disposto no art. 14, § 1º, III da Lei nº 14113/2020",-20.98856729145338,-48.91803278090743
SP,3533502,NOVO HORIZONTE,"3 8.743.942,85",-,-,-,-,"38.743.942,85",NOVO HORIZONTE,"Não cumprimento do disposto no art. 14, § 1º, I e III da Lei nº 14113/2020",-21.46922925167246,-49.283832559433925
SP,3533601,NUPORANGA,"9 .336.022,10",-,-,-,-,"9.336.022,10",NUPORANGA,"Não cumprimento do disposto no art. 14, § 1º, III da Lei nº 14113/2020",-20.704707905043986,-47.72906929421976
SP,3534005,ONDA VERDE,"4 .400.041,61",-,-,"1 68.630,39","1 68.630,39","4.568.672,00",ONDA VERDE,,-20.617376480944085,-49.24367774895811
SP,3534104,ORIENTE,"5 .064.073,17",-,-,-,-,"5.064.073,17",ORIENTE,"Não cumprimento do disposto no art. 14, § 1º, I da Lei nº 14113/2020",-22.14209583298872,-50.09381880080326
SP,3534401,OSASCO,"5 45.294.077,84",-,-,-,-,"545.294.077,84",OSASCO,"Não cumprimento do disposto no art. 14, § 1º, I e III da Lei nº 14113/2020",-23.5286739191607,-46.78922119583734
SP,3534500,OSCAR BRESSANE,"2 .812.898,91",-,-,-,-,"2.812.898,91",OSCAR BRESSANE,"Não cumprimento do disposto no art. 14, § 1º, III da Lei nº 14113/2020",-22.29533367540894,-50.25729060974541
SP,3534609,OSVALDO CRUZ,"1 9.501.481,08",-,-,-,-,"19.501.481,08",OSVALDO CRUZ,"Não cumprimento do disposto no art. 14, § 1º, III da Lei nº 14113/2020",-21.73262969037224,-50.87387213157818
SP,3534708,OURINHOS,"7 6.515.306,01",-,-,-,-,"76.515.306,01",OURINHOS,"Não cumprimento do disposto no art. 14, § 1º, III da Lei nº 14113/2020",-22.952696666059133,-49.85244436442093
SP,3534807,OURO VERDE,"1 0.469.794,77",-,-,"3 76.014,54","3 76.014,54","10.845.809,31",OURO VERDE,,-21.510393387605586,-51.7379299717372
SP,3534757,OUROESTE,"1 1.940.008,70",-,-,-,-,"11.940.008,70",OUROESTE,"Não cumprimento do disposto no art. 14, § 1º, I e III da Lei nº 14113/2020",-19.922396526735223,-50.401976204251866
SP,3534906,PACAEMBU,"6 .359.740,16",-,-,-,-,"6.359.740,16",PACAEMBU,"Não cumprimento do disposto no art. 14, § 1º, III da Lei nº 14113/2020",-21.49549920115601,-51.274164384351394
SP,3535002,PALESTINA,"1 3.203.038,57",-,-,"9 58.860,50","9 58.860,50","14.161.899,07",PALESTINA,,-20.321169764912195,-49.49761721933299
SP,3535101,PALMARES PAULISTA,"8 .227.214,77",-,-,"6 36.686,82","6 36.686,82","8.863.901,59",PALMARES PAULISTA,,-21.10456849674039,-48.8266556956628
SP,3535309,PALMITAL,"1 6.495.951,15",-,-,"5 67.251,44","5 67.251,44","17.063.202,59",PALMITAL,,-22.828761933635324,-50.22085751629902
SP,3535408,PANORAMA,"1 2.041.054,22",-,-,-,-,"12.041.054,22",PANORAMA,"Não cumprimento do disposto no art. 14, § 1º, III da Lei nº 14113/2020",-21.463291946652,-51.85806404904628
SP,3535606,PARAIBUNA,"1 1.998.455,21",-,-,-,-,"11.998.455,21",PARAIBUNA,"Não cumprimento do disposto no art. 14, § 1º, I, II e V da Lei nº 14113/2020",-23.47839820781424,-45.64187688560191
SP,3535804,PARANAPANEMA,"2 5.888.544,24",-,-,-,-,"25.888.544,24",PARANAPANEMA,Não apresentou melhoria em nenhum dos indicadores de atendimento e de melhoria da aprendizagem com redução das desigualdades.,-23.43852183288085,-48.79518791905623
SP,3536109,PARDINHO,"9 .407.177,70",-,-,-,-,"9.407.177,70",PARDINHO,"Não cumprimento do disposto no art. 14, § 1º, III da Lei nº 14113/2020",-23.102138002814204,-48.40181769681829
SP,3536257,PARISI,"3 .189.029,69",-,-,"2 04.885,30","2 04.885,30","3.393.914,99",PARISI,,-20.27162213408672,-50.03737619852039
SP,3536604,PAULO DE FARIA,"8 .059.910,71",-,-,-,-,"8.059.910,71",PAULO DE FARIA,"Não cumprimento do disposto no art. 14, § 1º, III da Lei nº 14113/2020",-20.066609363444947,-49.46337450257371
SP,3536703,PEDERNEIRAS,"3 7.152.857,28",-,-,-,-,"37.152.857,28",PEDERNEIRAS,"Não cumprimento do disposto no art. 14, § 1º, III da Lei nº 14113/2020",-22.301311165541485,-48.86109194216553
SP,3536802,PEDRA BELA,"7 .610.361,00",-,-,-,-,"7.610.361,00",PEDRA BELA,"Não cumprimento do disposto no art. 14, § 1º, I e III da Lei nº 14113/2020",-22.77580338118289,-46.441789167060925
SP,3537008,PEDREGULHO,"1 2.746.275,77",-,-,"9 76.962,19","9 76.962,19","13.723.237,96",PEDREGULHO,,-20.205558163402674,-47.4390642535346
SP,3537107,PEDREIRA,"3 5.545.478,19",-,-,-,-,"35.545.478,19",PEDREIRA,"Não cumprimento do disposto no art. 14, § 1º, III da Lei nº 14113/2020",-22.75473905377795,-46.88846839528141
SP,3537156,PEDRINHAS PAULISTA,"3 .034.579,14",-,-,"1 84.673,94","1 84.673,94","3.219.253,08",PEDRINHAS PAULISTA,,-22.816864504934653,-50.80244212893774
SP,3537206,PEDRO DE TOLEDO,"8 .815.512,81",-,-,-,-,"8.815.512,81",PEDRO DE TOLEDO,"Não cumprimento do disposto no art. 14, § 1º, III da Lei nº 14113/2020",-24.163707951229163,-47.16349760502478
SP,3537404,PEREIRA BARRETO,"1 9.657.792,45",-,-,"6 82.614,64","6 82.614,64","20.340.407,09",PEREIRA BARRETO,,-20.67774661307015,-51.10647070344915
SP,3537503,PEREIRAS,"7 .561.102,27",-,-,-,-,"7.561.102,27",PEREIRAS,"Não cumprimento do disposto no art. 14, § 1º, III e V da Lei nº 14113/2020",-23.12045305661356,-47.97886827681257
SP,3537701,PIACATU,"4 .871.646,14",-,-,-,-,"4.871.646,14",PIACATU,"Não cumprimento do disposto no art. 14, § 1º, I da Lei nº 14113/2020",-21.57140318310629,-50.64350995606645
SP,3537800,PIEDADE,"4 3.146.725,94",-,-,-,-,"43.146.725,94",PIEDADE,"Não cumprimento do disposto no art. 14, § 1º, III da Lei nº 14113/2020",-23.78694045310226,-47.43811159683531
SP,3537909,PILAR DO SUL,"2 7.738.943,52",-,-,-,-,"27.738.943,52",PILAR DO SUL,"Não cumprimento do disposto no art. 14, § 1º, III da Lei nº 14113/2020",-23.856415758677517,-47.7281022049909
SP,3538006,PINDAMONHANGABA,"1 11.275.986,74",-,-,-,-,"111.275.986,74",PINDAMONHANGABA,"Não cumprimento do disposto no art. 14, § 1º, III da Lei nº 14113/2020",-22.87999951735153,-45.45924410691983
SP,3538105,PINDORAMA,"1 3.704.612,27",-,-,-,-,"13.704.612,27",PINDORAMA,"Não cumprimento do disposto no art. 14, § 1º, III da Lei nº 14113/2020",-21.20973190662867,-48.91158943650312
SP,3538204,PINHALZINHO,"1 8.309.841,82",-,-,-,-,"18.309.841,82",PINHALZINHO,"Não cumprimento do disposto no art. 14, § 1º, I e III da Lei nº 14113/2020",-22.778803309935803,-46.57340933990805
SP,3538303,PIQUEROBI,"2 .805.151,68",-,-,-,-,"2.805.151,68",PIQUEROBI,"Não cumprimento do disposto no art. 14, § 1º, I e III da Lei nº 14113/2020",-21.852614915783672,-51.73155080160561
SP,3538501,PIQUETE,"6 .584.035,40",-,-,"5 25.607,73","5 25.607,73","7.109.643,13",PIQUETE,,-22.590330147206256,-45.17389869775996
SP,3538600,PIRACAIA,"2 7.580.956,83",-,-,-,-,"27.580.956,83",PIRACAIA,"Não cumprimento do disposto no art. 14, § 1º, I, II e III da Lei nº 14113/2020",-23.04690729306139,-46.302348891325664
SP,3538709,PIRACICABA,"2 87.221.434,06",-,-,-,-,"287.221.434,06",PIRACICABA,"Não cumprimento do disposto no art. 14, § 1º, III da Lei nº 14113/2020",-22.726438279906464,-47.78399285347395
SP,3538808,PIRAJU,"2 4.787.515,11",-,-,-,-,"24.787.515,11",PIRAJU,Não apresentou melhoria em nenhum dos indicadores de atendimento e de melhoria da aprendizagem com redução das desigualdades.,-23.18688466205102,-49.366138874436736
SP,3539004,PIRANGI,"7 .016.652,59",-,-,"2 77.813,42","2 77.813,42","7.294.466,01",PIRANGI,,-21.09389716600705,-48.66934216035779
SP,3539103,PIRAPORA DO BOM JESUS,"2 8.755.803,62",-,-,"2 .032.373,28","2 .032.373,28","30.788.176,90",PIRAPORA DO BOM JESUS,,-23.37823835203177,-46.98489892631781
SP,3539202,PIRAPOZINHO,"1 9.232.352,17",-,-,"7 35.293,25","7 35.293,25","19.967.645,42",PIRAPOZINHO,,-22.479308416933478,-51.6198936611709
SP,3539301,PIRASSUNUNGA,"4 4.074.581,05",-,-,-,-,"44.074.581,05",PIRASSUNUNGA,"Não cumprimento do disposto no art. 14, § 1º, III da Lei nº 14113/2020",-21.9959623968824,-47.389993525025545
SP,3539400,PIRATININGA,"9 .751.336,39",-,-,-,-,"9.751.336,39",PIRATININGA,"Não cumprimento do disposto no art. 14, § 1º, III da Lei nº 14113/2020",-22.42493627508356,-49.1917715879782
SP,3539509,PITANGUEIRAS,"3 1.236.753,86",-,-,-,-,"31.236.753,86",PITANGUEIRAS,Não apresentou melhoria em nenhum dos indicadores de atendimento e de melhoria da aprendizagem com redução das desigualdades.,-21.00614461273936,-48.24945679517105
SP,3539608,PLANALTO,"3 .532.967,95",-,-,-,-,"3.532.967,95",PLANALTO,"Não cumprimento do disposto no art. 14, § 1º, I e III da Lei nº 14113/2020",-21.00122200363137,-49.935944717177655
SP,3539707,PLATINA,"3 .104.417,87",-,-,"2 23.685,98","2 23.685,98","3.328.103,85",PLATINA,,-22.62529036464582,-50.2127349942307
SP,3539905,POLONI,"3 .070.965,62",-,-,-,-,"3.070.965,62",POLONI,"Não cumprimento do disposto no art. 14, § 1º, I da Lei nº 14113/2020",-20.75239478196438,-49.81993360710118
SP,3540200,PONTAL,"3 5.853.884,13",-,-,-,-,"35.853.884,13",PONTAL,"Não cumprimento do disposto no art. 14, § 1º, III da Lei nº 14113/2020",-20.98454146566367,-48.06445206798548
SP,3540259,PONTALINDA,"4 .149.090,11",-,-,-,-,"4.149.090,11",PONTALINDA,"Não cumprimento do disposto no art. 14, § 1º, III da Lei nº 14113/2020",-20.45068818101213,-50.52507398058772
SP,3540309,PONTES GESTAL,"2 .952.859,54",-,-,"1 81.996,95","1 81.996,95","3.134.856,49",PONTES GESTAL,,-20.174867870622965,-49.75729473739779
SP,3540408,POPULINA,"3 .833.756,67",-,-,-,-,"3.833.756,67",POPULINA,"Não cumprimento do disposto no art. 14, § 1º, I e III da Lei nº 14113/2020",-19.90733579795068,-50.51735158281855
SP,3540507,PORANGABA,"8 .467.877,25",-,-,-,-,"8.467.877,25",PORANGABA,"Não cumprimento do disposto no art. 14, § 1º, III da Lei nº 14113/2020",-23.173861059953392,-48.11736196130767
SP,3540606,PORTO FELIZ,"6 1.390.871,35",-,-,-,-,"61.390.871,35",PORTO FELIZ,"Não cumprimento do disposto no art. 14, § 1º, III da Lei nº 14113/2020",-23.23034180575249,-47.51688832671403
SP,3540705,PORTO FERREIRA,"4 1.903.027,57",-,-,-,-,"41.903.027,57",PORTO FERREIRA,"Não cumprimento do disposto no art. 14, § 1º, II da Lei nº 14113/2020",-21.842603510340957,-47.44725747291351
SP,3540754,POTIM,"2 2.984.803,24",-,-,-,-,"22.984.803,24",POTIM,"Não cumprimento do disposto no art. 14, § 1º, I, II e III da Lei nº 14113/2020",-22.82516985374454,-45.30342178237103
SP,3540804,POTIRENDABA,"2 1.632.839,12",-,-,-,-,"21.632.839,12",POTIRENDABA,"Não cumprimento do disposto no art. 14, § 1º, III da Lei nº 14113/2020",-21.07549277409744,-49.39171007131392
SP,3540853,PRACINHA,"1 .244.398,75",-,-,-,-,"1.244.398,75",PRACINHA,"Não cumprimento do disposto no art. 14, § 1º, I da Lei nº 14113/2020",-21.83764496363168,-51.07529674186899
SP,3541000,PRAIA GRANDE,"4 31.645.389,23",-,-,-,-,"431.645.389,23",PRAIA GRANDE,"Não cumprimento do disposto no art. 14, § 1º, III da Lei nº 14113/2020",-24.01581134143028,-46.52267266868019
SP,3541109,PRESIDENTE ALVES,"1 .284.169,40",-,-,-,-,"1.284.169,40",PRESIDENTE ALVES,"Não cumprimento do disposto no art. 14, § 1º, I da Lei nº 14113/2020",-22.12219963121142,-49.43184604785717
SP,3541208,PRESIDENTE BERNARDES,"1 0.722.652,13",-,-,-,-,"10.722.652,13",PRESIDENTE BERNARDES,"Não cumprimento do disposto no art. 14, § 1º, I da Lei nº 14113/2020",-22.107278970315956,-51.620278458973566
SP,3541406,PRESIDENTE PRUDENTE,"1 53.835.850,54",-,-,-,-,"153.835.850,54",PRESIDENTE PRUDENTE,"Não cumprimento do disposto no art. 14, § 1º, III da Lei nº 14113/2020",-21.99322053383726,-51.34313792241189
SP,3541505,PRESIDENTE VENCESLAU,"2 1.083.386,19",-,-,-,-,"21.083.386,19",PRESIDENTE VENCESLAU,"Não cumprimento do disposto no art. 14, § 1º, III da Lei nº 14113/2020",-21.7930159349006,-51.838369304092254
SP,3541653,QUADRA,"6 .277.438,58",-,-,-,-,"6.277.438,58",QUADRA,"Não cumprimento do disposto no art. 14, § 1º, III da Lei nº 14113/2020",-23.30099318484549,-48.03858546424223
SP,3541802,QUEIROZ,"3 .621.551,93",-,-,-,-,"3.621.551,93",QUEIROZ,"Não cumprimento do disposto no art. 14, § 1º, I, II e V da Lei nº 14113/2020",-21.80057229087581,-50.24524929830501
SP,3541901,QUELUZ,"1 0.683.710,65",-,-,-,-,"10.683.710,65",QUELUZ,"Não cumprimento do disposto no art. 14, § 1º, II e III da Lei nº 14113/2020",-22.50432520154953,-44.78531332899804
SP,3542008,QUINTANA,"8 .802.867,14",-,"8 57.853,68",-,"8 57.853,68","9.660.720,82",QUINTANA,"Não cumprimento do disposto no art. 14, § 1º, III da Lei nº 14113/2020",-22.10017711391501,-50.36928201731531
SP,3542107,RAFARD,"9 .150.761,55",-,-,-,-,"9.150.761,55",RAFARD,"Não cumprimento do disposto no art. 14, § 1º, III da Lei nº 14113/2020",-23.04517620392807,-47.58371553410559
SP,3542206,RANCHARIA,"2 4.107.278,03",-,-,-,-,"24.107.278,03",RANCHARIA,"Não cumprimento do disposto no art. 14, § 1º, I e III da Lei nº 14113/2020",-22.28274526489253,-50.92828749721671
SP,3542602,REGISTRO,"4 6.344.941,55",-,-,-,-,"46.344.941,55",REGISTRO,"Não cumprimento do disposto no art. 14, § 1º, III da Lei nº 14113/2020",-24.504013046043102,-47.82073883650191
SP,3542701,RESTINGA,"1 0.378.891,24",-,-,-,-,"10.378.891,24",RESTINGA,"Não cumprimento do disposto no art. 14, § 1º, II da Lei nº 14113/2020",-20.648200729629934,-47.50596777840159
SP,3542800,RIBEIRA,"2 .912.914,33",-,-,"1 13.891,73","1 13.891,73","3.026.806,06",RIBEIRA,,-24.60735290526391,-49.03659582554909
SP,3543600,RIFAINA,"4 .005.835,30",-,-,"1 43.615,41","1 43.615,41","4.149.450,71",RIFAINA,,-20.060852954330517,-47.44086436366156
SP,3543907,RIO CLARO,"1 43.330.306,74",-,-,-,-,"143.330.306,74",RIO CLARO,"Não cumprimento do disposto no art. 14, § 1º, III da Lei nº 14113/2020",-22.373875781414384,-47.57994576312594
SP,3544004,RIO DAS PEDRAS,"3 4.392.423,90",-,-,-,-,"34.392.423,90",RIO DAS PEDRAS,"Não cumprimento do disposto no art. 14, § 1º, III da Lei nº 14113/2020",-22.850359270949543,-47.59847154011055
SP,3544103,RIO GRANDE DA SERRA,"1 6.879.863,42",-,-,-,-,"16.879.863,42",RIO GRANDE DA SERRA,"Não cumprimento do disposto no art. 14, § 1º, I da Lei nº 14113/2020",-23.737843153239822,-46.37949062793872
SP,3543501,RIVERSUL,"6 .155.932,08",-,"7 05.383,75",-,"7 05.383,75","6.861.315,83",RIVERSUL,"Não cumprimento do disposto no art. 14, § 1º, I da Lei nº 14113/2020",-23.84685906755289,-49.44782064301334
SP,3544251,ROSANA,"1 2.096.857,30",-,-,"4 05.242,67","4 05.242,67","12.502.099,97",ROSANA,,-22.4891594665676,-52.83697610459327
SP,3544301,ROSEIRA,"1 6.019.550,39",-,-,-,-,"16.019.550,39",ROSEIRA,"Não cumprimento do disposto no art. 14, § 1º, II e III da Lei nº 14113/2020",-22.93298638733968,-45.30245231178223
SP,3544608,SABINO,"4 .246.333,27",-,-,-,-,"4.246.333,27",SABINO,Não apresentou melhoria em nenhum dos indicadores de atendimento e de melhoria da aprendizagem com redução das desigualdades.,-21.470952493026992,-49.575571222681
SP,3544707,SAGRES,"2 .596.019,69",-,-,-,-,"2.596.019,69",SAGRES,"Não cumprimento do disposto no art. 14, § 1º, I e V da Lei nº 14113/2020",-21.867844309646337,-50.99035914698166
SP,3544806,SALES,"4 .730.700,27",-,-,-,-,"4.730.700,27",SALES,"Não cumprimento do disposto no art. 14, § 1º, I e V da Lei nº 14113/2020",-21.3472858055394,-49.50276816511053
SP,3544905,SALES OLIVEIRA,"8 .329.424,57",-,-,"3 06.065,63","3 06.065,63","8.635.490,20",SALES OLIVEIRA,,-20.831443319159103,-47.85459341955018
SP,3545159,SALTINHO,"7 .084.281,12",-,-,"5 71.040,00","5 71.040,00","7.655.321,12",SALTINHO,,-22.87116796758045,-47.73174821273649
SP,3545209,SALTO,"8 3.277.594,15",-,-,-,-,"83.277.594,15",SALTO,"Não cumprimento do disposto no art. 14, § 1º, III da Lei nº 14113/2020",-23.18045691021072,-47.302653402778006
SP,3545308,SALTO DE PIRAPORA,"3 6.153.005,92",-,-,-,-,"36.153.005,92",SALTO DE PIRAPORA,"Não cumprimento do disposto no art. 14, § 1º, III da Lei nº 14113/2020",-23.652793433133493,-47.58070156112736
SP,3545407,SALTO GRANDE,"8 .777.855,13",-,-,-,-,"8.777.855,13",SALTO GRANDE,"Não cumprimento do disposto no art. 14, § 1º, I e III da Lei nº 14113/2020",-22.870827034632317,-49.960864322174
SP,3545506,SANDOVALINA,"5 .754.815,04",-,-,-,-,"5.754.815,04",SANDOVALINA,"Não cumprimento do disposto no art. 14, § 1º, I e III da Lei nº 14113/2020",-22.477857853264528,-51.8421711490136
SP,3545704,SANTA ALBERTINA,"5 .280.226,06",-,-,-,-,"5.280.226,06",SANTA ALBERTINA,"Não cumprimento do disposto no art. 14, § 1º, I da Lei nº 14113/2020",-20.01417311159959,-50.72766741752743
SP,3546009,SANTA BRANCA,"1 6.214.088,39",-,-,-,-,"16.214.088,39",SANTA BRANCA,"Não cumprimento do disposto no art. 14, § 1º, II e III da Lei nº 14113/2020",-23.42645358953565,-45.86332712055788
SP,3546306,SANTA CRUZ DAS PALMEIRAS,"2 0.523.380,31",-,-,-,-,"20.523.380,31",SANTA CRUZ DAS PALMEIRAS,"Não cumprimento do disposto no art. 14, § 1º, I e III da Lei nº 14113/2020",-21.85555418700852,-47.250128371049314
SP,3546405,SANTA CRUZ DO RIO PARDO,"3 9.140.909,87",-,-,-,-,"39.140.909,87",SANTA CRUZ DO RIO PARDO,"Não cumprimento do disposto no art. 14, § 1º, III da Lei nº 14113/2020",-22.80932979396461,-49.56901644528395
SP,3546504,SANTA ERNESTINA,"5 .666.941,93",-,"7 9.291,39",-,"7 9.291,39","5.746.233,32",SANTA ERNESTINA,"Não cumprimento do disposto no art. 14, § 1º, I da Lei nº 14113/2020",-21.452603819273783,-48.36672381373713
SP,3546702,SANTA GERTRUDES,"3 2.096.789,12",-,-,-,-,"32.096.789,12",SANTA GERTRUDES,"Não cumprimento do disposto no art. 14, § 1º, III da Lei nº 14113/2020",-22.47510029838297,-47.52126095928176
SP,3546801,SANTA ISABEL,"3 8.355.552,40",-,-,-,-,"38.355.552,40",SANTA ISABEL,"Não cumprimento do disposto no art. 14, § 1º, I e III da Lei nº 14113/2020",-23.288928203187243,-46.24229273936016
SP,3547007,SANTA MARIA DA SERRA,"6 .880.964,79",-,-,-,-,"6.880.964,79",SANTA MARIA DA SERRA,"Não cumprimento do disposto no art. 14, § 1º, III da Lei nº 14113/2020",-22.564423478025056,-48.15421696344823
SP,3547106,SANTA MERCEDES,"3 .060.615,36",-,-,"2 30.260,43","2 30.260,43","3.290.875,79",SANTA MERCEDES,,-21.316731520882037,-51.73712609697455
SP,3547502,SANTA RITA DO PASSA QUATRO,"1 7.345.726,14",-,-,-,-,"17.345.726,14",SANTA RITA DO PASSA QUATRO,Não apresentou melhoria em nenhum dos indicadores de atendimento e de melhoria da aprendizagem com redução das desigualdades.,-21.68248608514236,-47.50801050207258
SP,3547601,SANTA ROSA DE VITERBO,"1 6.667.674,13",-,-,-,-,"16.667.674,13",SANTA ROSA DE VITERBO,"Não cumprimento do disposto no art. 14, § 1º, III da Lei nº 14113/2020",-21.5037999170822,-47.36627583878258
SP,3547650,SANTA SALETE,"8 80.147,47",-,-,"3 1.195,15","3 1.195,15","911.342,62",SANTA SALETE,,-20.2586355987812,-50.72003520438491
SP,3547205,SANTANA DA PONTE PENSA,"7 02.215,50",-,-,-,-,"702.215,50",SANTANA DA PONTE PENSA,"Não cumprimento do disposto no art. 14, § 1º, I da Lei nº 14113/2020",-20.260782322084605,-50.79711903891812
SP,3548302,SANTO EXPEDITO,"2 .441.488,27",-,-,-,-,"2.441.488,27",SANTO EXPEDITO,"Não cumprimento do disposto no art. 14, § 1º, I da Lei nº 14113/2020",-21.82480860094877,-51.37018969603308
SP,3548500,SANTOS,"2 87.038.036,01",-,-,"7 .604.232,17","7 .604.232,17","294.642.268,18",SANTOS,,-23.869023749455454,-46.29160073533575
SP,3551405,SERRA AZUL,"7 .527.288,03",-,-,-,-,"7.527.288,03",SERRA AZUL,"Não cumprimento do disposto no art. 14, § 1º, III da Lei nº 14113/2020",-21.3159981244014,-47.54972304616018
SP,3551603,SERRA NEGRA,"1 4.814.741,38",-,-,"4 64.984,32","4 64.984,32","15.279.725,70",SERRA NEGRA,,-22.58906090583168,-46.687321672792045
SP,3551504,SERRANA,"5 0.587.034,75",-,-,-,-,"50.587.034,75",SERRANA,"Não cumprimento do disposto no art. 14, § 1º, I, II e V da Lei nº 14113/2020",-21.21690249995419,-47.61245976794839
SP,3551801,SETE BARRAS,"1 2.962.225,97",-,-,-,-,"12.962.225,97",SETE BARRAS,"Não cumprimento do disposto no art. 14, § 1º, III da Lei nº 14113/2020",-24.273961249921552,-47.9341471636881
SP,3552007,SILVEIRAS,"5 .220.923,14",-,-,-,-,"5.220.923,14",SILVEIRAS,"Não cumprimento do disposto no art. 14, § 1º, I e III da Lei nº 14113/2020",-22.73466894295873,-44.84094192444903
SP,3552106,SOCORRO,"2 4.700.427,54",-,-,-,-,"24.700.427,54",SOCORRO,"Não cumprimento do disposto no art. 14, § 1º, I e III da Lei nº 14113/2020",-22.611195723434125,-46.52439772782565
SP,3552205,SOROCABA,"4 82.757.097,68",-,-,-,-,"482.757.097,68",SOROCABA,"Não cumprimento do disposto no art. 14, § 1º, II e III da Lei nº 14113/2020",-23.46451768864602,-47.44675266535388
SP,3552304,SUD MENNUCCI,"1 0.507.609,59",-,-,-,-,"10.507.609,59",SUD MENNUCCI,"Não cumprimento do disposto no art. 14, § 1º, I e III da Lei nº 14113/2020",-20.667585089198493,-50.90086753116333
SP,3552502,SUZANO,"2 13.553.239,17",-,-,-,-,"213.553.239,17",SUZANO,"Não cumprimento do disposto no art. 14, § 1º, III da Lei nº 14113/2020",-23.60836111117772,-46.31045680046208
SP,3552700,TABATINGA,"1 4.282.715,51",-,-,-,-,"14.282.715,51",TABATINGA,"Não cumprimento do disposto no art. 14, § 1º, III da Lei nº 14113/2020",-21.712485245008537,-48.62909649221364
SP,3552908,TACIBA,"6 .251.933,58",-,-,"4 73.425,37","4 73.425,37","6.725.358,95",TACIBA,,-22.50486563505692,-51.34229813480879
SP,3553401,TANABI,"2 0.988.203,67",-,-,-,-,"20.988.203,67",TANABI,"Não cumprimento do disposto no art. 14, § 1º, III da Lei nº 14113/2020",-20.531187381931016,-49.646500643879214
SP,3553609,TAPIRATIBA,"1 4.673.664,57",-,"1 .359.707,68",-,"1 .359.707,68","16.033.372,25",TAPIRATIBA,"Não cumprimento do disposto no art. 14, § 1º, I, II e V da Lei nº 14113/2020",-21.45076619159879,-46.741813081724985
SP,3553658,TAQUARAL,"2 .150.057,68",-,-,"6 9.747,65","6 9.747,65","2.219.805,33",TAQUARAL,,-21.069263087577628,-48.39942640119168
SP,3553708,TAQUARITINGA,"3 6.844.027,29",-,-,"2 .403.384,29","2 .403.384,29","39.247.411,58",TAQUARITINGA,,-21.42554825186297,-48.53790222770733
SP,3553807,TAQUARITUBA,"2 1.039.224,55",-,-,-,-,"21.039.224,55",TAQUARITUBA,"Não cumprimento do disposto no art. 14, § 1º, I da Lei nº 14113/2020",-23.53020122974131,-49.23461489373628
SP,3553906,TARABAI,"8 .731.232,01",-,-,-,-,"8.731.232,01",TARABAI,"Não cumprimento do disposto no art. 14, § 1º, I e III da Lei nº 14113/2020",-22.35803391082268,-51.625862292116416
SP,3554300,TEODORO SAMPAIO,"2 0.277.402,16",-,-,-,-,"20.277.402,16",TEODORO SAMPAIO,"Não cumprimento do disposto no art. 14, § 1º, III da Lei nº 14113/2020",-22.41665516230801,-52.37404393876587
SP,3554409,TERRA ROXA,"8 .810.191,19",-,-,"3 31.669,20","3 31.669,20","9.141.860,39",TERRA ROXA,,-20.77873054099716,-48.34576933659591
SP,3554607,TIMBURI,"2 .129.657,83",-,-,-,-,"2.129.657,83",TIMBURI,"Não cumprimento do disposto no art. 14, § 1º, I da Lei nº 14113/2020",-23.195839582006357,-49.610331497162576
SP,3554656,TORRE DE PEDRA,"2 .311.331,29",-,-,-,-,"2.311.331,29",TORRE DE PEDRA,"Não cumprimento do disposto no art. 14, § 1º, III da Lei nº 14113/2020",-23.25009503157295,-48.21269508191706
SP,3554706,TORRINHA,"5 .629.469,37",-,-,-,-,"5.629.469,37",TORRINHA,"Não cumprimento do disposto no art. 14, § 1º, I da Lei nº 14113/2020",-22.44463030468996,-48.16445119538171
SP,3554755,TRABIJU,"2 .321.640,40",-,-,-,-,"2.321.640,40",TRABIJU,"Não cumprimento do disposto no art. 14, § 1º, I e V da Lei nº 14113/2020",-22.03232262296615,-48.34525774993087
SP,3554953,TUIUTI,"9 .287.565,90",-,"1 .116.185,52",-,"1 .116.185,52","10.403.751,42",TUIUTI,"Não cumprimento do disposto no art. 14, § 1º, III da Lei nº 14113/2020",-22.830301783414725,-46.68763651074644
SP,3555109,TUPI PAULISTA,"1 2.745.427,99",-,-,"1 .017.260,83","1 .017.260,83","13.762.688,82",TUPI PAULISTA,,-21.390421214690367,-51.58722662866349
SP,3555307,TURMALINA,"1 .503.838,38",-,-,-,-,"1.503.838,38",TURMALINA,"Não cumprimento do disposto no art. 14, § 1º, I e V da Lei nº 14113/2020",-20.083525022210598,-50.45678399954123
SP,3555356,UBARANA,"7 .883.215,32",-,-,-,-,"7.883.215,32",UBARANA,"Não cumprimento do disposto no art. 14, § 1º, I e V da Lei nº 14113/2020",-21.21979983727772,-49.748214101710495
SP,3555406,UBATUBA,"1 02.143.813,50",-,-,-,-,"102.143.813,50",UBATUBA,"Não cumprimento do disposto no art. 14, § 1º, III da Lei nº 14113/2020",-23.38125472387305,-45.02422936005914
SP,3555505,UBIRAJARA,"5 .011.007,60",-,-,-,-,"5.011.007,60",UBIRAJARA,"Não cumprimento do disposto no art. 14, § 1º, III da Lei nº 14113/2020",-22.54428583307445,-49.66593343105327
SP,3555604,UCHOA,"1 1.821.790,85",-,-,-,-,"11.821.790,85",UCHOA,"Não cumprimento do disposto no art. 14, § 1º, III da Lei nº 14113/2020",-20.936989870971736,-49.15777320382337
SP,3555901,URU,"1 .858.486,15",-,-,-,-,"1.858.486,15",URU,"Não cumprimento do disposto no art. 14, § 1º, I e V da Lei nº 14113/2020",-21.765872961643822,-49.29631917508594
SP,3556107,VALENTIM GENTIL,"1 1.023.571,43",-,-,-,-,"11.023.571,43",VALENTIM GENTIL,"Não cumprimento do disposto no art. 14, § 1º, I da Lei nº 14113/2020",-20.42057618206625,-50.1017573665461
SP,3556206,VALINHOS,"7 5.982.845,37",-,-,-,-,"75.982.845,37",VALINHOS,"Não cumprimento do disposto no art. 14, § 1º, III da Lei nº 14113/2020",-22.975070778585128,-46.98133580344654
SP,3556354,VARGEM,"1 1.978.872,24",-,-,-,-,"11.978.872,24",VARGEM,"Não cumprimento do disposto no art. 14, § 1º, I da Lei nº 14113/2020",-22.890146624266094,-46.41461720073582
SP,3556404,VARGEM GRANDE DO SUL,"2 9.851.438,53",-,-,-,-,"29.851.438,53",VARGEM GRANDE DO SUL,"Não cumprimento do disposto no art. 14, § 1º, I da Lei nº 14113/2020",-21.860689324453578,-46.89894551956858
SP,3556453,VARGEM GRANDE PAULISTA,"3 6.800.335,25",-,-,-,-,"36.800.335,25",VARGEM GRANDE PAULISTA,"Não cumprimento do disposto no art. 14, § 1º, I e III da Lei nº 14113/2020",-23.620887414503592,-47.01474250726896
SP,3556602,VERA CRUZ,"6 .940.875,81",-,-,"5 22.818,41","5 22.818,41","7.463.694,22",VERA CRUZ,,-22.23408910600974,-49.826206702831
SP,3556701,VINHEDO,"9 5.147.318,35",-,-,-,-,"95.147.318,35",VINHEDO,"Não cumprimento do disposto no art. 14, § 1º, III da Lei nº 14113/2020",-23.04649906458516,-46.979235253705056
SP,3556800,VIRADOURO,"1 8.472.394,39",-,-,"5 95.519,64","5 95.519,64","19.067.914,03",VIRADOURO,,-20.88432247770932,-48.3098842556075
SP,3556909,VISTA ALEGRE DO ALTO,"7 .615.861,16",-,-,"2 83.405,00","2 83.405,00","7.899.266,16",VISTA ALEGRE DO ALTO,,-21.17669181781368,-48.649498777305176
SP,3557006,VOTORANTIM,"9 6.288.295,93",-,-,-,-,"96.288.295,93",VOTORANTIM,"Não cumprimento do disposto no art. 14, § 1º, III da Lei nº 14113/2020",-23.579818228411717,-47.40668509363695
SP,3557105,VOTUPORANGA,"7 7.724.526,86",-,-,"2 .579.485,80","2 .579.485,80","80.304.012,66",VOTUPORANGA,,-20.457797899042667,-49.9891142743525
SP,3557154,ZACARIAS,"2 .064.754,59",-,-,-,-,"2.064.754,59",ZACARIAS,"Não cumprimento do disposto no art. 14, § 1º, I da Lei nº 14113/2020",-21.12543400255694,-50.04937802496498
