codigo_ibge,municipio,rede,saeb_nota_media,ideb_anos_iniciais,ideb_anos_iniciais_anterior,evolucao_ideb
3500105.0,Adamantina,Municipal,6.986797,7.0,6.5,0.5
3500204.0,Adolfo,Municipal,6.095722,6.0,6.9,-0.9000000000000004
3500303.0,Aguaí,Municipal,6.079707,6.1,5.9,0.1999999999999993
3500402.0,Águas da Prata,Municipal,6.966416,6.8,6.3,0.5
3500501.0,Águas de Lindóia,Municipal,7.057489,6.8,6.7,0.09999999999999964
3500550.0,Águas de Santa Bárbara,Municipal,6.357388,6.4,6.3,0.10000000000000053
3500600.0,Águas de São Pedro,Municipal,7.094029,7.1,7.1,0.0
3500709.0,Agudos,Municipal,6.5886,6.5,6.3,0.20000000000000018
3500758.0,Alambari,Municipal,6.287006,6.1,6.2,-0.10000000000000053
3500907.0,Altair,Municipal,6.078693,6.1,6.5,-0.40000000000000036
3501004.0,Altinópolis,Municipal,6.489978,6.5,7.0,-0.5
3501103.0,Alto Alegre,Municipal,6.519453,6.5,7.8,-1.2999999999999998
3501152.0,Alumínio,Municipal,6.454539,6.3,5.9,0.39999999999999947
3501202.0,Álvares Florence,Municipal,6.574073,6.5,7.9,-1.4000000000000004
3501301.0,Álvares Machado,Municipal,6.641473,6.6,6.4,0.1999999999999993
3501400.0,Álvaro de Carvalho,Municipal,6.328706,6.3,6.5,-0.20000000000000018
3501509.0,Alvinlândia,Municipal,6.183119,6.2,6.1,0.10000000000000053
3501608.0,Americana,Municipal,6.880666,6.8,6.8,0.0
3501707.0,Américo Brasiliense,Municipal,6.848402,6.8,6.6,0.20000000000000018
3501806.0,Américo de Campos,Municipal,7.224138,7.2,7.3,-0.09999999999999964
3501905.0,Amparo,Municipal,6.833222,6.8,6.2,0.5999999999999996
3502002.0,Analândia,Municipal,6.116195,6.0,6.4,-0.40000000000000036
3502101.0,Andradina,Municipal,6.502999,6.5,6.5,0.0
3502200.0,Angatuba,Municipal,6.84233,6.8,6.6,0.20000000000000018
3502309.0,Anhembi,Municipal,5.738115,5.7,5.7,0.0
3502408.0,Anhumas,Municipal,6.896422,6.9,7.8,-0.8999999999999995
3502507.0,Aparecida,Municipal,6.838102,6.6,6.6,0.0
3502606.0,Aparecida d'Oeste,Municipal,7.18703,7.2,7.1,0.10000000000000053
3502705.0,Apiaí,Municipal,6.987633,6.9,7.0,-0.09999999999999964
3502754.0,Araçariguama,Municipal,6.085636,5.9,5.5,0.40000000000000036
3502804.0,Araçatuba,Municipal,7.237851,7.2,6.9,0.2999999999999998
3502903.0,Araçoiaba da Serra,Municipal,6.655323,6.6,6.2,0.39999999999999947
3503000.0,Aramina,Municipal,6.469517,6.3,5.7,0.5999999999999996
3503109.0,Arandu,Municipal,6.572109,6.6,5.6,1.0
3503158.0,Arapeí,Municipal,6.338439,6.3,5.1,1.2000000000000002
3503208.0,Araraquara,Municipal,6.1995,6.2,6.1,0.10000000000000053
3503307.0,Araras,Municipal,6.70511,6.6,6.5,0.09999999999999964
3503356.0,Arco-Íris,Municipal,6.009766,6.0,6.8,-0.7999999999999998
3503406.0,Arealva,Municipal,8.266975,8.2,6.7,1.4999999999999991
3503505.0,Areias,Municipal,6.467772,6.3,5.6,0.7000000000000002
3503604.0,Areiópolis,Municipal,6.925604,6.8,6.3,0.5
3503703.0,Ariranha,Municipal,7.787836,7.7,7.3,0.40000000000000036
3503802.0,Artur Nogueira,Municipal,6.640543,6.6,6.4,0.1999999999999993
3503901.0,Arujá,Municipal,6.583897,6.6,6.4,0.1999999999999993
3504008.0,Assis,Municipal,6.663017,6.7,6.4,0.2999999999999998
3504107.0,Atibaia,Municipal,7.409864,7.4,7.3,0.10000000000000053
3504206.0,Auriflama,Municipal,7.089328,7.1,6.8,0.2999999999999998
3504305.0,Avaí,Municipal,5.517924,5.5,5.5,0.0
3504404.0,Avanhandava,Municipal,7.437699,7.4,7.2,0.20000000000000018
3504503.0,Avaré,Municipal,6.478669,6.5,6.3,0.20000000000000018
3504602.0,Bady Bassitt,Municipal,6.848974,6.8,6.7,0.09999999999999964
3504701.0,Balbinos,Municipal,6.22108,6.2,6.6,-0.39999999999999947
3504800.0,Bálsamo,Municipal,7.603523,7.6,7.9,-0.3000000000000007
3504909.0,Bananal,Municipal,6.060672,5.8,5.6,0.20000000000000018
3505005.0,Barão de Antonina,Municipal,6.65099,6.7,6.2,0.5
3505104.0,Barbosa,Municipal,6.962822,7.0,6.3,0.7000000000000002
3505203.0,Bariri,Municipal,7.114183,7.1,7.0,0.09999999999999964
3505302.0,Barra Bonita,Municipal,7.363761,7.4,7.3,0.10000000000000053
3505351.0,Barra do Chapéu,Municipal,6.04104,6.0,,
3505401.0,Barra do Turvo,Municipal,5.720253,5.5,5.9,-0.40000000000000036
3505500.0,Barretos,Municipal,7.084005,7.0,7.2,-0.20000000000000018
3505609.0,Barrinha,Municipal,6.042344,6.0,6.1,-0.09999999999999964
3505708.0,Barueri,Municipal,6.415099,6.3,6.4,-0.10000000000000053
3505807.0,Bastos,Municipal,6.288321,6.3,6.1,0.20000000000000018
3505906.0,Batatais,Municipal,7.063715,7.1,6.6,0.5
3506003.0,Bauru,Municipal,5.965012,5.8,5.9,-0.10000000000000053
3506102.0,Bebedouro,Municipal,6.686077,6.7,6.4,0.2999999999999998
3506201.0,Bento de Abreu,Municipal,6.797436,6.8,6.2,0.5999999999999996
3506300.0,Bernardino de Campos,Municipal,6.538309,6.5,6.2,0.2999999999999998
3506359.0,Bertioga,Municipal,6.617636,6.6,6.3,0.2999999999999998
3506409.0,Bilac,Municipal,7.352282,7.4,7.1,0.3000000000000007
3506508.0,Birigui,Municipal,7.394353,7.4,7.1,0.3000000000000007
3506607.0,Biritiba Mirim,Municipal,6.464439,6.4,5.6,0.8000000000000007
3506706.0,Boa Esperança do Sul,Municipal,5.828998,5.8,5.5,0.2999999999999998
3506805.0,Bocaina,Municipal,6.077939,6.0,5.9,0.09999999999999964
3506904.0,Bofete,Municipal,6.05888,6.0,6.4,-0.40000000000000036
3507001.0,Boituva,Municipal,6.616489,6.6,6.5,0.09999999999999964
3507100.0,Bom Jesus dos Perdões,Municipal,6.810009,6.8,6.2,0.5999999999999996
3507159.0,Bom Sucesso de Itararé,Municipal,6.741371,6.7,6.0,0.7000000000000002
3507209.0,Borá,Municipal,6.564218,6.6,7.0,-0.40000000000000036
3507308.0,Boracéia,Municipal,7.380729,7.4,6.2,1.2000000000000002
3507407.0,Borborema,Municipal,7.353366,7.3,,
3507456.0,Borebi,Municipal,6.311457,6.1,6.4,-0.3000000000000007
3507506.0,Botucatu,Municipal,6.732071,6.7,6.3,0.40000000000000036
3507605.0,Bragança Paulista,Municipal,6.551541,6.4,6.1,0.3000000000000007
3507704.0,Braúna,Municipal,8.012468,7.9,6.8,1.1000000000000005
3507753.0,Brejo Alegre,Municipal,7.254477,7.3,7.4,-0.10000000000000053
3507803.0,Brodowski,Municipal,6.378559,6.3,6.2,0.09999999999999964
3507902.0,Brotas,Municipal,6.279019,6.3,6.6,-0.2999999999999998
3508009.0,Buri,Municipal,6.697046,6.7,6.6,0.10000000000000053
3508108.0,Buritama,Municipal,6.863703,6.9,6.6,0.3000000000000007
3508207.0,Buritizal,Municipal,6.642432,6.4,6.4,0.0
3508306.0,Cabrália Paulista,Municipal,6.486221,6.5,6.2,0.2999999999999998
3508405.0,Cabreúva,Municipal,6.893212,6.9,6.6,0.3000000000000007
3508504.0,Caçapava,Municipal,6.231413,6.1,6.1,0.0
3508603.0,Cachoeira Paulista,Municipal,5.952682,5.9,5.8,0.10000000000000053
3508702.0,Caconde,Municipal,6.916563,6.8,6.5,0.2999999999999998
3508801.0,Cafelândia,Municipal,6.726194,6.7,6.2,0.5
3508900.0,Caiabu,Municipal,6.442396,6.4,5.8,0.6000000000000005
3509007.0,Caieiras,Municipal,6.404659,6.4,6.0,0.40000000000000036
3509106.0,Caiuá,Municipal,6.372904,6.4,6.5,-0.09999999999999964
3509205.0,Cajamar,Municipal,6.209341,6.2,6.1,0.10000000000000053
3509254.0,Cajati,Municipal,6.458056,6.5,6.3,0.20000000000000018
3509304.0,Cajobi,Municipal,6.032051,6.0,6.5,-0.5
3509403.0,Cajuru,Municipal,5.727811,5.7,5.7,0.0
3509452.0,Campina do Monte Alegre,Municipal,6.700709,6.7,6.2,0.5
3509502.0,Campinas,Municipal,5.940625,5.8,5.6,0.20000000000000018
3509601.0,Campo Limpo Paulista,Municipal,6.246631,6.2,5.9,0.2999999999999998
3509700.0,Campos do Jordão,Municipal,6.628741,6.6,6.5,0.09999999999999964
3509809.0,Campos Novos Paulista,Municipal,6.861339,6.8,6.0,0.7999999999999998
3509908.0,Cananéia,Municipal,6.722294,6.6,6.3,0.2999999999999998
3509957.0,Canas,Municipal,5.909063,5.9,5.5,0.40000000000000036
3510005.0,Cândido Mota,Municipal,6.891808,6.9,6.7,0.20000000000000018
3510104.0,Cândido Rodrigues,Municipal,7.500861,7.5,6.0,1.5
3510153.0,Canitar,Municipal,6.176078,6.2,5.8,0.40000000000000036
3510203.0,Capão Bonito,Municipal,6.97703,7.0,6.6,0.40000000000000036
3510302.0,Capela do Alto,Municipal,6.56274,6.6,6.3,0.2999999999999998
3510401.0,Capivari,Municipal,7.140898,7.0,6.4,0.5999999999999996
3510500.0,Caraguatatuba,Municipal,6.431811,6.4,6.4,0.0
3510609.0,Carapicuíba,Municipal,5.968368,5.9,5.7,0.20000000000000018
3510708.0,Cardoso,Municipal,7.690817,7.6,7.3,0.2999999999999998
3510807.0,Casa Branca,Municipal,6.173677,6.1,5.6,0.5
3510906.0,Cássia dos Coqueiros,Municipal,5.208244,4.9,6.0,-1.0999999999999996
3511003.0,Castilho,Municipal,6.544228,6.5,6.3,0.20000000000000018
3511102.0,Catanduva,Municipal,6.373226,6.3,6.8,-0.5
3511201.0,Catiguá,Municipal,6.501673,6.5,6.4,0.09999999999999964
3511300.0,Cedral,Municipal,6.951751,6.9,6.7,0.20000000000000018
3511409.0,Cerqueira César,Municipal,6.397614,6.4,6.2,0.20000000000000018
3511508.0,Cerquilho,Municipal,7.145138,7.1,7.1,0.0
3511607.0,Cesário Lange,Municipal,6.978777,6.8,6.3,0.5
3511706.0,Charqueada,Municipal,6.641704,6.6,6.4,0.1999999999999993
3511904.0,Clementina,Municipal,6.535548,6.5,6.7,-0.20000000000000018
3512001.0,Colina,Municipal,6.547,6.5,6.3,0.20000000000000018
3512100.0,Colômbia,Municipal,7.653579,7.7,7.5,0.20000000000000018
3512209.0,Conchal,Municipal,6.565762,6.4,6.3,0.10000000000000053
3512308.0,Conchas,Municipal,6.22923,6.2,5.6,0.6000000000000005
3512407.0,Cordeirópolis,Municipal,6.94245,6.9,6.6,0.3000000000000007
3512506.0,Coroados,Municipal,6.546666,6.5,6.9,-0.40000000000000036
3512605.0,Coronel Macedo,Municipal,6.210427,6.2,6.6,-0.39999999999999947
3512704.0,Corumbataí,Municipal,6.874892,6.8,6.8,0.0
3512803.0,Cosmópolis,Municipal,6.854763,6.7,6.6,0.10000000000000053
3512902.0,Cosmorama,Municipal,6.805672,6.8,6.6,0.20000000000000018
3513009.0,Cotia,Municipal,6.321158,6.2,6.0,0.20000000000000018
3513108.0,Cravinhos,Municipal,6.593307,6.2,5.4,0.7999999999999998
3513207.0,Cristais Paulista,Municipal,6.265176,6.0,6.2,-0.20000000000000018
3513306.0,Cruzália,Municipal,,,7.4,
3513405.0,Cruzeiro,Municipal,5.965589,5.9,5.8,0.10000000000000053
3513504.0,Cubatão,Municipal,6.077094,5.9,5.6,0.3000000000000007
3513603.0,Cunha,Municipal,6.47321,6.4,6.6,-0.1999999999999993
3513702.0,Descalvado,Municipal,6.800837,6.7,6.5,0.20000000000000018
3513801.0,Diadema,Municipal,6.407575,6.4,6.3,0.10000000000000053
3513900.0,Divinolândia,Municipal,6.69552,6.7,5.9,0.7999999999999998
3514106.0,Dois Córregos,Municipal,6.442205,6.4,6.2,0.20000000000000018
3514205.0,Dolcinópolis,Municipal,6.795446,6.8,5.9,0.8999999999999995
3514304.0,Dourado,Municipal,6.609737,6.6,5.8,0.7999999999999998
3514403.0,Dracena,Municipal,6.905937,6.9,7.0,-0.09999999999999964
3514502.0,Duartina,Municipal,7.192885,7.2,7.7,-0.5
3514601.0,Dumont,Municipal,6.375408,6.4,7.0,-0.5999999999999996
3514700.0,Echaporã,Municipal,7.86261,7.8,7.7,0.09999999999999964
3514809.0,Eldorado,Municipal,6.265403,6.1,6.1,0.0
3514908.0,Elias Fausto,Municipal,6.671894,6.5,6.5,0.0
3514924.0,Elisiário,Municipal,7.881514,7.9,8.1,-0.1999999999999993
3514957.0,Embaúba,Municipal,7.594115,7.6,8.0,-0.40000000000000036
3515004.0,Embu das Artes,Municipal,6.497939,6.5,6.3,0.20000000000000018
3515103.0,Embu-Guaçu,Municipal,5.918056,5.9,5.9,0.0
3515129.0,Emilianópolis,Municipal,8.215557,8.2,6.8,1.3999999999999995
3515152.0,Engenheiro Coelho,Municipal,6.338228,6.0,5.7,0.2999999999999998
3515186.0,Espírito Santo do Pinhal,Municipal,6.9796570000000004,7.0,7.1,-0.09999999999999964
3515194.0,Espírito Santo do Turvo,Municipal,6.3483,6.3,6.7,-0.40000000000000036
3515202.0,Estrela d'Oeste,Municipal,6.955586,6.8,6.4,0.39999999999999947
3515301.0,Estrela do Norte,Municipal,7.963422,8.0,7.0,1.0
3515350.0,Euclides da Cunha Paulista,Municipal,6.503158,6.5,6.1,0.40000000000000036
3515400.0,Fartura,Municipal,7.359724,7.4,7.4,0.0
3515509.0,Fernandópolis,Municipal,7.066284,7.0,6.3,0.7000000000000002
3515608.0,Fernando Prestes,Municipal,8.726213,8.7,8.3,0.3999999999999986
3515657.0,Fernão,Municipal,7.533095,7.5,6.9,0.5999999999999996
3515707.0,Ferraz de Vasconcelos,Municipal,6.490592,6.5,6.1,0.40000000000000036
3515806.0,Flora Rica,Municipal,7.245813,7.2,6.2,1.0
3515905.0,Floreal,Municipal,8.76742,8.8,9.3,-0.5
3516002.0,Flórida Paulista,Municipal,6.230235,6.2,6.0,0.20000000000000018
3516200.0,Franca,Municipal,6.886262,6.8,6.9,-0.10000000000000053
3516309.0,Francisco Morato,Municipal,6.213123,6.2,5.9,0.2999999999999998
3516408.0,Franco da Rocha,Municipal,6.118994,6.1,5.9,0.1999999999999993
3516507.0,Gabriel Monteiro,Municipal,5.553804,5.6,7.4,-1.8000000000000007
3516606.0,Gália,Municipal,6.519149,6.5,6.0,0.5
3516705.0,Garça,Municipal,6.252034,6.2,6.4,-0.20000000000000018
3516853.0,Gavião Peixoto,Municipal,6.523711,6.5,6.8,-0.2999999999999998
3516903.0,General Salgado,Municipal,6.970681,7.0,6.5,0.5
3517000.0,Getulina,Municipal,6.080219,6.1,5.2,0.8999999999999995
3517109.0,Glicério,Municipal,6.467298,6.5,7.0,-0.5
3517208.0,Guaiçara,Municipal,5.849609,5.8,6.1,-0.2999999999999998
3517307.0,Guaimbê,Municipal,6.854892,6.9,6.5,0.40000000000000036
3517406.0,Guaíra,Municipal,6.565521,6.6,6.0,0.5999999999999996
3517505.0,Guapiaçu,Municipal,6.04779,5.7,6.0,-0.2999999999999998
3517604.0,Guapiara,Municipal,6.31922,6.3,6.2,0.09999999999999964
3517703.0,Guará,Municipal,5.968984,6.0,6.1,-0.09999999999999964
3517802.0,Guaraçaí,Municipal,6.537389,6.5,6.9,-0.40000000000000036
3517901.0,Guaraci,Municipal,6.252058,6.2,6.4,-0.20000000000000018
3518008.0,Guarani d'Oeste,Municipal,6.305135,6.3,7.2,-0.9000000000000004
3518107.0,Guarantã,Municipal,5.518858,5.5,5.7,-0.20000000000000018
3518206.0,Guararapes,Municipal,6.662904,6.6,6.6,0.0
3518305.0,Guararema,Municipal,7.929565,7.9,7.5,0.40000000000000036
3518404.0,Guaratinguetá,Municipal,6.818469,6.7,6.4,0.2999999999999998
3518503.0,Guareí,Municipal,6.743489,6.7,6.3,0.40000000000000036
3518602.0,Guariba,Municipal,6.707453,6.7,6.8,-0.09999999999999964
3518701.0,Guarujá,Municipal,5.835069,5.7,5.9,-0.20000000000000018
3518800.0,Guarulhos,Municipal,6.099432,6.1,5.8,0.2999999999999998
3518859.0,Guatapará,Municipal,6.515275,6.4,6.0,0.40000000000000036
3518909.0,Guzolândia,Municipal,7.253607,7.3,7.0,0.2999999999999998
3519006.0,Herculândia,Municipal,6.122755,6.1,5.6,0.5
3519055.0,Holambra,Municipal,6.440453,6.4,7.0,-0.5999999999999996
3519071.0,Hortolândia,Municipal,6.66411,6.6,6.4,0.1999999999999993
3519105.0,Iacanga,Municipal,6.431509,6.4,7.3,-0.8999999999999995
3519253.0,Iaras,Municipal,6.381967,6.4,5.8,0.6000000000000005
3519303.0,Ibaté,Municipal,6.403801,6.4,6.5,-0.09999999999999964
3519402.0,Ibirá,Municipal,6.571121,6.6,7.3,-0.7000000000000002
3519501.0,Ibirarema,Municipal,6.705013,6.6,6.4,0.1999999999999993
3519600.0,Ibitinga,Municipal,6.729916,6.7,6.1,0.6000000000000005
3519709.0,Ibiúna,Municipal,6.267042,6.2,5.6,0.6000000000000005
3519808.0,Icém,Municipal,6.415136,6.4,5.8,0.6000000000000005
3519907.0,Iepê,Municipal,6.195608,6.2,6.2,0.0
3520004.0,Igaraçu do Tietê,Municipal,6.557202,6.6,6.5,0.09999999999999964
3520103.0,Igarapava,Municipal,5.832046,5.8,5.6,0.20000000000000018
3520202.0,Igaratá,Municipal,6.078681,5.9,6.6,-0.6999999999999993
3520301.0,Iguape,Municipal,6.684086,6.7,6.3,0.40000000000000036
3520400.0,Ilhabela,Municipal,6.677151,6.6,6.1,0.5
3520426.0,Ilha Comprida,Municipal,6.354141,6.4,6.4,0.0
3520442.0,Ilha Solteira,Municipal,7.135076,7.1,6.5,0.5999999999999996
3520509.0,Indaiatuba,Municipal,7.526195,7.5,7.3,0.20000000000000018
3520608.0,Indiana,Municipal,6.018408,6.0,6.4,-0.40000000000000036
3520707.0,Indiaporã,Municipal,7.952837,8.0,7.2,0.7999999999999998
3520806.0,Inúbia Paulista,Municipal,7.048536,7.0,6.5,0.5
3520905.0,Ipaussu,Municipal,6.378094,6.4,6.3,0.10000000000000053
3521002.0,Iperó,Municipal,5.896312,5.8,5.5,0.2999999999999998
3521101.0,Ipeúna,Municipal,6.98632,7.0,6.0,1.0
3521150.0,Ipiguá,Municipal,6.632245,6.6,6.3,0.2999999999999998
3521200.0,Iporanga,Municipal,6.003835,6.0,5.8,0.20000000000000018
3521309.0,Ipuã,Municipal,6.258507,6.3,6.7,-0.40000000000000036
3521408.0,Iracemápolis,Municipal,6.759207,6.8,6.5,0.2999999999999998
3521507.0,Irapuã,Municipal,6.584831,6.6,6.5,0.09999999999999964
3521606.0,Irapuru,Municipal,7.228332,7.2,6.6,0.6000000000000005
3521804.0,Itaí,Municipal,6.070836,6.1,6.0,0.09999999999999964
3521903.0,Itajobi,Municipal,6.965116,7.0,7.1,-0.09999999999999964
3522000.0,Itaju,Municipal,7.125754,7.1,6.4,0.6999999999999993
3522109.0,Itanhaém,Municipal,6.366029,6.3,6.1,0.20000000000000018
3522158.0,Itaoca,Municipal,6.736186,6.7,6.7,0.0
3522208.0,Itapecerica da Serra,Municipal,6.317074,6.3,6.2,0.09999999999999964
3522307.0,Itapetininga,Municipal,6.406663,6.4,6.3,0.10000000000000053
3522406.0,Itapeva,Municipal,6.669852,6.6,6.6,0.0
3522505.0,Itapevi,Municipal,6.356811,6.3,6.1,0.20000000000000018
3522604.0,Itapira,Municipal,6.661799,6.6,6.5,0.09999999999999964
3522653.0,Itapirapuã Paulista,Municipal,7.460696,7.5,6.4,1.0999999999999996
3522703.0,Itápolis,Municipal,7.090192,7.1,7.5,-0.40000000000000036
3522802.0,Itaporanga,Municipal,6.41061,6.4,5.9,0.5
3522901.0,Itapuí,Municipal,6.392789,6.4,6.6,-0.1999999999999993
3523008.0,Itapura,Municipal,6.331303,6.3,6.4,-0.10000000000000053
3523107.0,Itaquaquecetuba,Municipal,6.224313,6.2,5.9,0.2999999999999998
3523206.0,Itararé,Municipal,6.600648,6.4,6.0,0.40000000000000036
3523305.0,Itariri,Municipal,6.961061,7.0,6.6,0.40000000000000036
3523404.0,Itatiba,Municipal,7.367636,7.2,7.1,0.10000000000000053
3523503.0,Itatinga,Municipal,6.557216,6.5,7.0,-0.5
3523602.0,Itirapina,Municipal,6.497155,6.5,6.4,0.09999999999999964
3523701.0,Itirapuã,Municipal,6.375787,6.4,5.8,0.6000000000000005
3523909.0,Itu,Municipal,6.499689,6.5,6.3,0.20000000000000018
3524006.0,Itupeva,Municipal,6.375155,6.4,6.2,0.20000000000000018
3524105.0,Ituverava,Municipal,6.16478,6.1,5.5,0.5999999999999996
3524204.0,Jaborandi,Municipal,6.690594,6.7,6.2,0.5
3524303.0,Jaboticabal,Municipal,6.64864,6.6,6.1,0.5
3524402.0,Jacareí,Municipal,6.586151,6.5,6.2,0.2999999999999998
3524501.0,Jaci,Municipal,6.645782,6.6,6.1,0.5
3524600.0,Jacupiranga,Municipal,6.373754,6.3,5.8,0.5
3524709.0,Jaguariúna,Municipal,6.943518,6.9,7.6,-0.6999999999999993
3524808.0,Jales,Municipal,7.63733,7.6,7.6,0.0
3524907.0,Jambeiro,Municipal,6.920735,6.6,5.7,0.8999999999999995
3525003.0,Jandira,Municipal,5.837134,5.8,5.8,0.0
3525102.0,Jardinópolis,Municipal,5.917319,5.8,5.4,0.39999999999999947
3525201.0,Jarinu,Municipal,6.141493,6.1,5.7,0.39999999999999947
3525300.0,Jaú,Municipal,6.560295,6.6,6.4,0.1999999999999993
3525409.0,Jeriquara,Municipal,6.765768,6.7,6.2,0.5
3525508.0,Joanópolis,Municipal,6.76215,6.8,6.2,0.5999999999999996
3525607.0,João Ramalho,Municipal,6.658642,6.7,6.3,0.40000000000000036
3525706.0,José Bonifácio,Municipal,6.317774,6.3,6.2,0.09999999999999964
3525805.0,Júlio Mesquita,Municipal,5.735268,5.7,6.4,-0.7000000000000002
3525854.0,Jumirim,Municipal,6.701083,6.6,6.9,-0.3000000000000007
3525904.0,Jundiaí,Municipal,7.13533,7.1,7.1,0.0
3526001.0,Junqueirópolis,Municipal,8.044189,8.0,7.7,0.2999999999999998
3526100.0,Juquiá,Municipal,6.804176,6.8,6.7,0.09999999999999964
3526209.0,Juquitiba,Municipal,6.607181,6.6,6.4,0.1999999999999993
3526308.0,Lagoinha,Municipal,7.358465,7.4,6.9,0.5
3526407.0,Laranjal Paulista,Municipal,6.593221,6.5,6.0,0.5
3526506.0,Lavínia,Municipal,6.204573,6.0,6.6,-0.5999999999999996
3526605.0,Lavrinhas,Municipal,6.213944,6.2,6.0,0.20000000000000018
3526704.0,Leme,Municipal,6.660223,6.7,6.6,0.10000000000000053
3526803.0,Lençóis Paulista,Municipal,6.611108,6.6,6.5,0.09999999999999964
3526902.0,Limeira,Municipal,7.118696,7.1,7.0,0.09999999999999964
3527009.0,Lindóia,Municipal,6.20943,6.2,6.0,0.20000000000000018
3527108.0,Lins,Municipal,6.813011,6.8,6.8,0.0
3527207.0,Lorena,Municipal,6.191102,5.9,5.7,0.20000000000000018
3527256.0,Lourdes,Municipal,6.80048,6.7,6.1,0.6000000000000005
3527306.0,Louveira,Municipal,7.215951,7.2,6.7,0.5
3527405.0,Lucélia,Municipal,6.590672,6.5,7.1,-0.5999999999999996
3527504.0,Lucianópolis,Municipal,6.792454,6.8,6.4,0.39999999999999947
3527603.0,Luís Antônio,Municipal,6.326686,6.3,6.2,0.09999999999999964
3527702.0,Luiziânia,Municipal,6.665931,6.7,7.0,-0.2999999999999998
3527801.0,Lupércio,Municipal,6.599243,6.6,5.9,0.6999999999999993
3527900.0,Lutécia,Municipal,7.120043,7.0,6.9,0.09999999999999964
3528007.0,Macatuba,Municipal,7.026539,7.0,7.0,0.0
3528106.0,Macaubal,Municipal,6.577362,6.6,6.1,0.5
3528205.0,Macedônia,Municipal,7.006845,7.0,7.0,0.0
3528304.0,Magda,Municipal,,,6.6,
3528403.0,Mairinque,Municipal,6.126197,5.9,5.7,0.20000000000000018
3528502.0,Mairiporã,Municipal,6.706745,6.7,6.6,0.10000000000000053
3528601.0,Manduri,Municipal,6.251947,6.3,6.5,-0.20000000000000018
3528700.0,Marabá Paulista,Municipal,6.505422,6.5,6.2,0.2999999999999998
3528809.0,Maracaí,Municipal,7.175194,7.2,6.4,0.7999999999999998
3528858.0,Marapoama,Municipal,8.008153,7.9,7.6,0.3000000000000007
3528908.0,Mariápolis,Municipal,6.958785,7.0,6.0,1.0
3529005.0,Marília,Municipal,7.100976,7.1,7.0,0.09999999999999964
3529104.0,Marinópolis,Municipal,7.194479,7.2,5.7,1.5
3529203.0,Martinópolis,Municipal,6.685639,6.7,6.5,0.20000000000000018
3529302.0,Matão,Municipal,7.139622,7.1,6.9,0.1999999999999993
3529401.0,Mauá,Municipal,,,5.1,
3529500.0,Mendonça,Municipal,7.590878,7.5,7.3,0.20000000000000018
3529609.0,Meridiano,Municipal,7.501936,7.4,7.0,0.40000000000000036
3529658.0,Mesópolis,Municipal,6.901814,6.6,6.4,0.1999999999999993
3529708.0,Miguelópolis,Municipal,5.885019,5.9,5.3,0.6000000000000005
3529807.0,Mineiros do Tietê,Municipal,6.794661,6.8,6.3,0.5
3529906.0,Miracatu,Municipal,6.191897,6.1,6.0,0.09999999999999964
3530003.0,Mira Estrela,Municipal,7.23521,7.2,7.1,0.10000000000000053
3530102.0,Mirandópolis,Municipal,6.613262,6.6,6.2,0.39999999999999947
3530201.0,Mirante do Paranapanema,Municipal,6.617258,6.6,6.6,0.0
3530300.0,Mirassol,Municipal,7.131331,7.1,6.9,0.1999999999999993
3530409.0,Mirassolândia,Municipal,6.703959,6.7,6.9,-0.20000000000000018
3530508.0,Mococa,Municipal,5.904495,5.7,5.5,0.20000000000000018
3530607.0,Mogi das Cruzes,Municipal,6.406696,6.4,6.3,0.10000000000000053
3530706.0,Mogi Guaçu,Municipal,6.962944,6.9,6.7,0.20000000000000018
3530805.0,Mogi Mirim,Municipal,6.728526,6.7,6.6,0.10000000000000053
3530904.0,Mombuca,Municipal,6.664124,6.4,5.8,0.6000000000000005
3531001.0,Monções,Municipal,6.781975,6.8,6.8,0.0
3531100.0,Mongaguá,Municipal,5.751942,5.7,5.6,0.10000000000000053
3531209.0,Monte Alegre do Sul,Municipal,6.633672,6.1,6.4,-0.3000000000000007
3531308.0,Monte Alto,Municipal,6.651319,6.6,6.4,0.1999999999999993
3531407.0,Monte Aprazível,Municipal,6.61357,6.6,7.0,-0.40000000000000036
3531506.0,Monte Azul Paulista,Municipal,7.008768,7.0,6.5,0.5
3531605.0,Monte Castelo,Municipal,6.336424,6.3,6.8,-0.5
3531704.0,Monteiro Lobato,Municipal,6.360881,6.2,5.8,0.40000000000000036
3531803.0,Monte Mor,Municipal,6.637951,6.4,6.3,0.10000000000000053
3531902.0,Morro Agudo,Municipal,6.125267,6.1,6.0,0.09999999999999964
3532009.0,Morungaba,Municipal,6.389916,6.3,6.0,0.2999999999999998
3532058.0,Motuca,Municipal,7.287849,7.1,6.9,0.1999999999999993
3532108.0,Murutinga do Sul,Municipal,6.395046,6.4,6.4,0.0
3532157.0,Nantes,Municipal,5.851577,5.9,5.5,0.40000000000000036
3532207.0,Narandiba,Municipal,7.008253,6.9,6.3,0.6000000000000005
3532306.0,Natividade da Serra,Municipal,6.110142,6.1,6.7,-0.6000000000000005
3532405.0,Nazaré Paulista,Municipal,6.361064,6.4,6.7,-0.2999999999999998
3532504.0,Neves Paulista,Municipal,7.742509,7.7,7.7,0.0
3532603.0,Nhandeara,Municipal,6.954609,7.0,6.7,0.2999999999999998
3532702.0,Nipoã,Municipal,8.281845,8.3,7.2,1.1000000000000005
3532801.0,Nova Aliança,Municipal,6.880313,6.9,7.0,-0.09999999999999964
3532827.0,Nova Campina,Municipal,6.290121,6.3,6.4,-0.10000000000000053
3532843.0,Nova Canaã Paulista,Municipal,7.558983,7.6,7.9,-0.3000000000000007
3532868.0,Nova Castilho,Municipal,6.565516,6.6,5.9,0.6999999999999993
3532900.0,Nova Europa,Municipal,6.808053,6.8,6.6,0.20000000000000018
3533007.0,Nova Granada,Municipal,6.552863,6.5,6.3,0.20000000000000018
3533106.0,Nova Guataporanga,Municipal,7.523545,7.5,6.5,1.0
3533205.0,Nova Independência,Municipal,5.818232,5.7,6.3,-0.5999999999999996
3533254.0,Novais,Municipal,6.86401,6.9,6.9,0.0
3533304.0,Nova Luzitânia,Municipal,7.175352,7.2,7.0,0.20000000000000018
3533403.0,Nova Odessa,Municipal,6.713824,6.6,6.7,-0.10000000000000053
3533502.0,Novo Horizonte,Municipal,6.908565,6.9,6.7,0.20000000000000018
3533601.0,Nuporanga,Municipal,6.776181,6.7,6.1,0.6000000000000005
3533700.0,Ocauçu,Municipal,6.529196,6.5,7.6,-1.0999999999999996
3533809.0,Óleo,Municipal,7.491967,7.5,6.4,1.0999999999999996
3533908.0,Olímpia,Municipal,7.274814,7.3,6.9,0.39999999999999947
3534005.0,Onda Verde,Municipal,6.921417,6.9,6.5,0.40000000000000036
3534104.0,Oriente,Municipal,6.988997,7.0,6.2,0.7999999999999998
3534203.0,Orindiúva,Municipal,6.800291,6.8,6.9,-0.10000000000000053
3534302.0,Orlândia,Municipal,6.15211,6.1,6.0,0.09999999999999964
3534401.0,Osasco,Municipal,6.340868,6.3,6.3,0.0
3534500.0,Oscar Bressane,Municipal,8.167686,8.2,7.1,1.0999999999999996
3534609.0,Osvaldo Cruz,Municipal,6.105769,6.1,6.5,-0.40000000000000036
3534708.0,Ourinhos,Municipal,6.77023,6.6,6.2,0.39999999999999947
3534757.0,Ouroeste,Municipal,7.283269,7.3,6.8,0.5
3534807.0,Ouro Verde,Municipal,7.02923,7.0,6.9,0.09999999999999964
3534906.0,Pacaembu,Municipal,6.742168,6.7,6.3,0.40000000000000036
3535002.0,Palestina,Municipal,6.640452,6.6,6.3,0.2999999999999998
3535101.0,Palmares Paulista,Municipal,6.947063,6.9,7.2,-0.2999999999999998
3535200.0,Palmeira d'Oeste,Municipal,7.551652,7.5,7.0,0.5
3535309.0,Palmital,Municipal,6.860378,6.9,6.8,0.10000000000000053
3535408.0,Panorama,Municipal,6.768468,6.8,6.1,0.7000000000000002
3535507.0,Paraguaçu Paulista,Municipal,6.519143,6.5,6.5,0.0
3535606.0,Paraibuna,Municipal,6.70077,6.5,6.3,0.20000000000000018
3535705.0,Paraíso,Municipal,7.177677,7.2,6.6,0.6000000000000005
3535804.0,Paranapanema,Municipal,6.680115,6.7,6.4,0.2999999999999998
3535903.0,Paranapuã,Municipal,6.186434,6.2,6.0,0.20000000000000018
3536000.0,Parapuã,Municipal,7.437735,7.4,7.2,0.20000000000000018
3536109.0,Pardinho,Municipal,6.138273,6.1,5.2,0.8999999999999995
3536208.0,Pariquera-Açu,Municipal,6.065983,6.1,6.3,-0.20000000000000018
3536257.0,Parisi,Municipal,7.114731,7.1,7.8,-0.7000000000000002
3536307.0,Patrocínio Paulista,Municipal,6.955992,7.0,6.0,1.0
3536406.0,Paulicéia,Municipal,6.863119,6.9,7.4,-0.5
3536505.0,Paulínia,Municipal,6.732366,6.7,6.3,0.40000000000000036
3536570.0,Paulistânia,Municipal,6.91755,6.9,6.9,0.0
3536604.0,Paulo de Faria,Municipal,6.328538,6.3,6.3,0.0
3536703.0,Pederneiras,Municipal,6.479209,6.5,5.8,0.7000000000000002
3536802.0,Pedra Bela,Municipal,,,6.9,
3536901.0,Pedranópolis,Municipal,6.665304,6.7,6.3,0.40000000000000036
3537008.0,Pedregulho,Municipal,6.322256,6.2,6.5,-0.2999999999999998
3537107.0,Pedreira,Municipal,7.113278,7.1,7.3,-0.20000000000000018
3537156.0,Pedrinhas Paulista,Municipal,7.196923,7.2,7.1,0.10000000000000053
3537206.0,Pedro de Toledo,Municipal,6.593617,6.6,6.1,0.5
3537305.0,Penápolis,Municipal,7.041943,7.0,7.4,-0.40000000000000036
3537404.0,Pereira Barreto,Municipal,7.237106,7.2,7.2,0.0
3537503.0,Pereiras,Municipal,6.729811,6.5,6.4,0.09999999999999964
3537602.0,Peruíbe,Municipal,6.074231,6.0,5.9,0.09999999999999964
3537701.0,Piacatu,Municipal,7.38989,7.4,7.2,0.20000000000000018
3537800.0,Piedade,Municipal,6.464454,6.4,6.6,-0.1999999999999993
3537909.0,Pilar do Sul,Municipal,6.935861,6.9,6.6,0.3000000000000007
3538006.0,Pindamonhangaba,Municipal,6.633232,6.6,6.5,0.09999999999999964
3538105.0,Pindorama,Municipal,6.649579,6.6,6.7,-0.10000000000000053
3538204.0,Pinhalzinho,Municipal,6.673499,6.7,6.3,0.40000000000000036
3538303.0,Piquerobi,Municipal,6.94715,6.9,6.2,0.7000000000000002
3538501.0,Piquete,Municipal,7.02452,7.0,6.5,0.5
3538600.0,Piracaia,Municipal,7.176729,7.0,6.6,0.40000000000000036
3538709.0,Piracicaba,Municipal,6.926366,6.9,6.4,0.5
3538808.0,Piraju,Municipal,7.020323,7.0,6.8,0.20000000000000018
3538907.0,Pirajuí,Municipal,6.069625,6.1,5.5,0.5999999999999996
3539004.0,Pirangi,Municipal,7.233136,7.2,6.5,0.7000000000000002
3539103.0,Pirapora do Bom Jesus,Municipal,5.465541,5.5,5.2,0.2999999999999998
3539202.0,Pirapozinho,Municipal,6.754329,6.8,6.6,0.20000000000000018
3539301.0,Pirassununga,Municipal,6.089695,6.1,6.2,-0.10000000000000053
3539400.0,Piratininga,Municipal,6.532763,6.5,6.2,0.2999999999999998
3539509.0,Pitangueiras,Municipal,7.046514,7.0,6.7,0.2999999999999998
3539608.0,Planalto,Municipal,6.605723,6.6,6.0,0.5999999999999996
3539707.0,Platina,Municipal,7.117266,7.1,7.2,-0.10000000000000053
3539806.0,Poá,Municipal,6.292554,6.3,6.2,0.09999999999999964
3540002.0,Pompéia,Municipal,7.171407,7.2,7.4,-0.20000000000000018
3540101.0,Pongaí,Municipal,6.814566,6.7,7.1,-0.39999999999999947
3540200.0,Pontal,Municipal,6.175713,6.2,6.5,-0.2999999999999998
3540259.0,Pontalinda,Municipal,6.902262,6.8,5.7,1.0999999999999996
3540309.0,Pontes Gestal,Municipal,7.234319,7.2,7.2,0.0
3540408.0,Populina,Municipal,6.929245,6.7,6.4,0.2999999999999998
3540507.0,Porangaba,Municipal,6.614203,6.6,5.9,0.6999999999999993
3540606.0,Porto Feliz,Municipal,6.403613,6.4,6.1,0.3000000000000007
3540705.0,Porto Ferreira,Municipal,6.891146,6.8,6.5,0.2999999999999998
3540754.0,Potim,Municipal,6.101129,5.8,6.5,-0.7000000000000002
3540804.0,Potirendaba,Municipal,6.316784,6.3,6.5,-0.20000000000000018
3540853.0,Pracinha,Municipal,6.201441,6.2,5.9,0.2999999999999998
3540903.0,Pradópolis,Municipal,6.588762,6.5,5.8,0.7000000000000002
3541000.0,Praia Grande,Municipal,6.232239,6.1,6.1,0.0
3541059.0,Pratânia,Municipal,5.723626,5.7,5.8,-0.09999999999999964
3541208.0,Presidente Bernardes,Municipal,6.882641,6.9,5.9,1.0
3541307.0,Presidente Epitácio,Municipal,6.492767,6.5,6.8,-0.2999999999999998
3541406.0,Presidente Prudente,Municipal,6.76174,6.6,6.6,0.0
3541505.0,Presidente Venceslau,Municipal,7.180273,7.2,7.2,0.0
3541604.0,Promissão,Municipal,7.03261,7.0,6.8,0.20000000000000018
3541653.0,Quadra,Municipal,6.637038,6.5,5.8,0.7000000000000002
3541703.0,Quatá,Municipal,6.694928,6.7,6.5,0.20000000000000018
3541802.0,Queiroz,Municipal,6.874566,6.8,6.5,0.2999999999999998
3541901.0,Queluz,Municipal,6.475675,6.2,5.3,0.9000000000000004
3542008.0,Quintana,Municipal,6.887117,6.9,6.5,0.40000000000000036
3542107.0,Rafard,Municipal,7.035518,7.0,6.3,0.7000000000000002
3542206.0,Rancharia,Municipal,7.061533,7.0,6.7,0.2999999999999998
3542305.0,Redenção da Serra,Municipal,6.244314,6.2,6.9,-0.7000000000000002
3542404.0,Regente Feijó,Municipal,6.913188,6.8,6.9,-0.10000000000000053
3542503.0,Reginópolis,Municipal,6.74109,6.6,6.0,0.5999999999999996
3542602.0,Registro,Municipal,6.629836,6.6,6.5,0.09999999999999964
3542701.0,Restinga,Municipal,6.285236,6.2,6.3,-0.09999999999999964
3542800.0,Ribeira,Municipal,6.956237,7.0,6.5,0.5
3542909.0,Ribeirão Bonito,Municipal,6.00328,5.9,5.8,0.10000000000000053
3543006.0,Ribeirão Branco,Municipal,6.717932,6.7,6.8,-0.09999999999999964
3543105.0,Ribeirão Corrente,Municipal,6.292242,6.2,6.4,-0.20000000000000018
3543204.0,Ribeirão do Sul,Municipal,6.800309,6.8,6.4,0.39999999999999947
3543238.0,Ribeirão dos Índios,Municipal,6.521266,6.5,6.4,0.09999999999999964
3543253.0,Ribeirão Grande,Municipal,7.269656,7.3,6.7,0.5999999999999996
3543303.0,Ribeirão Pires,Municipal,6.804592,6.8,6.8,0.0
3543402.0,Ribeirão Preto,Municipal,5.777237,5.7,5.9,-0.20000000000000018
3543501.0,Riversul,Municipal,5.910407,5.9,6.3,-0.39999999999999947
3543600.0,Rifaina,Municipal,6.732666,6.7,6.1,0.6000000000000005
3543709.0,Rincão,Municipal,6.008128,6.0,6.1,-0.09999999999999964
3543907.0,Rio Claro,Municipal,6.413452,6.3,6.2,0.09999999999999964
3544004.0,Rio das Pedras,Municipal,6.677098,6.5,6.6,-0.09999999999999964
3544103.0,Rio Grande da Serra,Municipal,5.511279,5.5,5.6,-0.09999999999999964
3544202.0,Riolândia,Municipal,6.303077,6.3,6.2,0.09999999999999964
3544251.0,Rosana,Municipal,6.956885,7.0,6.8,0.20000000000000018
3544301.0,Roseira,Municipal,6.594102,6.5,6.3,0.20000000000000018
3544400.0,Rubiácea,Municipal,7.794315,7.8,6.6,1.2000000000000002
3544509.0,Rubinéia,Municipal,6.930452,6.9,6.9,0.0
3544608.0,Sabino,Municipal,6.915668,6.7,6.5,0.20000000000000018
3544707.0,Sagres,Municipal,6.509976,6.5,6.8,-0.2999999999999998
3544806.0,Sales,Municipal,7.003888,6.9,6.7,0.20000000000000018
3544905.0,Sales Oliveira,Municipal,6.085169,6.1,6.1,0.0
3545001.0,Salesópolis,Municipal,6.240082,6.2,6.7,-0.5
3545100.0,Salmourão,Municipal,6.291412,6.3,6.2,0.09999999999999964
3545159.0,Saltinho,Municipal,7.218061,7.1,7.0,0.09999999999999964
3545209.0,Salto,Municipal,6.847582,6.8,6.7,0.09999999999999964
3545308.0,Salto de Pirapora,Municipal,6.582547,6.5,6.1,0.40000000000000036
3545407.0,Salto Grande,Municipal,6.703355,6.7,6.3,0.40000000000000036
3545506.0,Sandovalina,Municipal,6.358613,6.3,5.4,0.8999999999999995
3545605.0,Santa Adélia,Municipal,6.764611,6.8,6.3,0.5
3545704.0,Santa Albertina,Municipal,6.678909,6.7,6.5,0.20000000000000018
3545803.0,Santa Bárbara d'Oeste,Municipal,6.894378,6.9,6.6,0.3000000000000007
3546009.0,Santa Branca,Municipal,5.9123,5.8,5.4,0.39999999999999947
3546108.0,Santa Clara d'Oeste,Municipal,7.384313,7.4,7.1,0.3000000000000007
3546207.0,Santa Cruz da Conceição,Municipal,7.161719,7.2,6.3,0.9000000000000004
3546256.0,Santa Cruz da Esperança,Municipal,6.167395,6.2,6.4,-0.20000000000000018
3546306.0,Santa Cruz das Palmeiras,Municipal,6.270505,6.3,6.3,0.0
3546405.0,Santa Cruz do Rio Pardo,Municipal,6.597366,6.6,6.7,-0.10000000000000053
3546504.0,Santa Ernestina,Municipal,6.706671,6.7,7.0,-0.2999999999999998
3546603.0,Santa Fé do Sul,Municipal,7.011343,7.0,6.4,0.5999999999999996
3546702.0,Santa Gertrudes,Municipal,6.632645,6.5,6.8,-0.2999999999999998
3546801.0,Santa Isabel,Municipal,6.59327,6.6,6.3,0.2999999999999998
3546900.0,Santa Lúcia,Municipal,6.879517,6.9,6.6,0.3000000000000007
3547007.0,Santa Maria da Serra,Municipal,9.080257,9.1,6.2,2.8999999999999995
3547106.0,Santa Mercedes,Municipal,7.306043,7.3,7.1,0.20000000000000018
3547304.0,Santana de Parnaíba,Municipal,6.726448,6.7,6.4,0.2999999999999998
3547403.0,Santa Rita d'Oeste,Municipal,7.211235,7.1,7.4,-0.3000000000000007
3547502.0,Santa Rita do Passa Quatro,Municipal,6.430595,6.4,6.6,-0.1999999999999993
3547601.0,Santa Rosa de Viterbo,Municipal,6.418706,6.2,5.7,0.5
3547700.0,Santo Anastácio,Municipal,6.553571,6.6,6.1,0.5
3547809.0,Santo André,Municipal,6.55144,6.5,6.5,0.0
3547908.0,Santo Antônio da Alegria,Municipal,7.320615,7.3,7.4,-0.10000000000000053
3548005.0,Santo Antônio de Posse,Municipal,6.087347,5.9,5.9,0.0
3548054.0,Santo Antônio do Aracanguá,Municipal,6.970241,6.9,6.4,0.5
3548104.0,Santo Antônio do Jardim,Municipal,7.20287,7.1,6.1,1.0
3548203.0,Santo Antônio do Pinhal,Municipal,6.701915,6.7,6.6,0.10000000000000053
3548302.0,Santo Expedito,Municipal,6.551196,6.6,6.1,0.5
3548401.0,Santópolis do Aguapeí,Municipal,7.493058,7.5,7.0,0.5
3548500.0,Santos,Municipal,6.181702,6.1,5.9,0.1999999999999993
3548609.0,São Bento do Sapucaí,Municipal,6.879992,6.9,7.2,-0.2999999999999998
3548708.0,São Bernardo do Campo,Municipal,6.926178,6.8,6.7,0.09999999999999964
3548807.0,São Caetano do Sul,Municipal,7.254251,7.2,7.0,0.20000000000000018
3548906.0,São Carlos,Municipal,6.567824,6.5,6.2,0.2999999999999998
3549102.0,São João da Boa Vista,Municipal,6.784038,6.8,6.6,0.20000000000000018
3549201.0,São João das Duas Pontes,Municipal,6.539747,6.3,7.0,-0.7000000000000002
3549250.0,São João de Iracema,Municipal,6.582387,6.5,5.8,0.7000000000000002
3549300.0,São João do Pau d'Alho,Municipal,7.277806,7.3,7.5,-0.20000000000000018
3549409.0,São Joaquim da Barra,Municipal,6.325656,6.3,6.2,0.09999999999999964
3549508.0,São José da Bela Vista,Municipal,5.857712,5.7,5.1,0.6000000000000005
3549607.0,São José do Barreiro,Municipal,6.584633,6.6,6.1,0.5
3549706.0,São José do Rio Pardo,Municipal,6.395551,6.3,6.1,0.20000000000000018
3549805.0,São José do Rio Preto,Municipal,6.700475,6.6,6.4,0.1999999999999993
3549904.0,São José dos Campos,Municipal,6.912858,6.9,6.8,0.10000000000000053
3549953.0,São Lourenço da Serra,Municipal,6.845183,6.8,6.1,0.7000000000000002
3550001.0,São Luiz do Paraitinga,Municipal,7.073874,6.9,6.4,0.5
3550100.0,São Manuel,Municipal,6.35845,6.3,6.1,0.20000000000000018
3550209.0,São Miguel Arcanjo,Municipal,6.495221,6.5,6.4,0.09999999999999964
3550308.0,São Paulo,Municipal,5.867966,5.8,5.6,0.20000000000000018
3550407.0,São Pedro,Municipal,6.582982,6.5,6.3,0.20000000000000018
3550506.0,São Pedro do Turvo,Municipal,7.016325,7.0,7.3,-0.2999999999999998
3550605.0,São Roque,Municipal,6.260049,6.2,5.7,0.5
3550704.0,São Sebastião,Municipal,6.089143,6.1,6.1,0.0
3550803.0,São Sebastião da Grama,Municipal,6.725633,6.7,6.6,0.10000000000000053
3550902.0,São Simão,Municipal,6.445992,6.4,6.6,-0.1999999999999993
3551009.0,São Vicente,Municipal,5.929567,5.9,5.7,0.20000000000000018
3551108.0,Sarapuí,Municipal,5.976069,6.0,5.9,0.09999999999999964
3551207.0,Sarutaiá,Municipal,7.197674,7.2,7.3,-0.09999999999999964
3551306.0,Sebastianópolis do Sul,Municipal,7.907086,7.9,7.6,0.3000000000000007
3551405.0,Serra Azul,Municipal,5.708808,5.7,5.0,0.7000000000000002
3551504.0,Serrana,Municipal,6.108889,6.0,5.8,0.20000000000000018
3551702.0,Sertãozinho,Municipal,7.100343,6.8,6.3,0.5
3551801.0,Sete Barras,Municipal,6.163959,6.2,6.1,0.10000000000000053
3551900.0,Severínia,Municipal,6.262884,6.3,6.3,0.0
3552007.0,Silveiras,Municipal,6.259747,6.2,5.5,0.7000000000000002
3552106.0,Socorro,Municipal,6.952632,6.9,7.1,-0.1999999999999993
3552205.0,Sorocaba,Municipal,6.607438,6.5,6.2,0.2999999999999998
3552304.0,Sud Mennucci,Municipal,6.817067,6.8,6.3,0.5
3552403.0,Sumaré,Municipal,6.10811,6.0,5.9,0.09999999999999964
3552502.0,Suzano,Municipal,6.170719,6.1,6.2,-0.10000000000000053
3552551.0,Suzanápolis,Municipal,7.803415,7.8,7.4,0.39999999999999947
3552601.0,Tabapuã,Municipal,7.83457,7.8,7.9,-0.10000000000000053
3552700.0,Tabatinga,Municipal,6.482437,6.5,6.3,0.20000000000000018
3552809.0,Taboão da Serra,Municipal,6.218575,6.2,6.1,0.10000000000000053
3552908.0,Taciba,Municipal,7.112555,7.1,7.4,-0.3000000000000007
3553005.0,Taguaí,Municipal,7.873389,7.9,7.5,0.40000000000000036
3553104.0,Taiaçu,Municipal,6.706418,6.7,6.1,0.6000000000000005
3553203.0,Taiúva,Municipal,6.777121,6.8,5.8,1.0
3553302.0,Tambaú,Municipal,6.673309,6.7,6.1,0.6000000000000005
3553401.0,Tanabi,Municipal,7.410108,7.4,7.2,0.20000000000000018
3553500.0,Tapiraí,Municipal,6.280472,6.3,6.2,0.09999999999999964
3553609.0,Tapiratiba,Municipal,6.877263,6.8,7.0,-0.20000000000000018
3553658.0,Taquaral,Municipal,,,5.5,
3553708.0,Taquaritinga,Municipal,6.287171,6.3,6.5,-0.20000000000000018
3553807.0,Taquarituba,Municipal,7.003863,7.0,6.9,0.09999999999999964
3553856.0,Taquarivaí,Municipal,6.723907,6.6,6.3,0.2999999999999998
3553906.0,Tarabai,Municipal,7.314443,7.3,6.7,0.5999999999999996
3553955.0,Tarumã,Municipal,8.158062,8.1,7.7,0.39999999999999947
3554003.0,Tatuí,Municipal,6.289005,6.3,6.2,0.09999999999999964
3554102.0,Taubaté,Municipal,6.43038,6.4,6.1,0.3000000000000007
3554201.0,Tejupá,Municipal,6.135477,6.1,7.0,-0.9000000000000004
3554300.0,Teodoro Sampaio,Municipal,6.692062,6.7,6.6,0.10000000000000053
3554409.0,Terra Roxa,Municipal,6.43627,6.4,6.7,-0.2999999999999998
3554508.0,Tietê,Municipal,6.641578,6.6,6.2,0.39999999999999947
3554607.0,Timburi,Municipal,7.640835,7.6,6.3,1.2999999999999998
3554656.0,Torre de Pedra,Municipal,5.041819,5.0,6.5,-1.5
3554755.0,Trabiju,Municipal,6.766427,6.5,6.5,0.0
3554805.0,Tremembé,Municipal,6.272445,6.1,5.9,0.1999999999999993
3554904.0,Três Fronteiras,Municipal,7.019009,7.0,,
3554953.0,Tuiuti,Municipal,5.714926,5.7,6.0,-0.2999999999999998
3555000.0,Tupã,Municipal,6.740326,6.7,6.7,0.0
3555109.0,Tupi Paulista,Municipal,7.872905,7.9,7.8,0.10000000000000053
3555208.0,Turiúba,Municipal,7.29779,7.3,6.6,0.7000000000000002
3555307.0,Turmalina,Municipal,7.650577,7.7,7.0,0.7000000000000002
3555356.0,Ubarana,Municipal,6.605211,6.5,6.3,0.20000000000000018
3555406.0,Ubatuba,Municipal,6.086118,6.1,6.0,0.09999999999999964
3555505.0,Ubirajara,Municipal,6.18151,6.2,6.2,0.0
3555604.0,Uchoa,Municipal,6.924571,6.9,6.3,0.6000000000000005
3555901.0,Uru,Municipal,7.928722,7.9,5.9,2.0
3556008.0,Urupês,Municipal,6.607647,6.6,7.4,-0.8000000000000007
3556107.0,Valentim Gentil,Municipal,6.993002,7.0,7.1,-0.09999999999999964
3556206.0,Valinhos,Municipal,6.653628,6.5,6.4,0.09999999999999964
3556305.0,Valparaíso,Municipal,6.777329,6.8,6.6,0.20000000000000018
3556354.0,Vargem,Municipal,6.230647,6.2,6.2,0.0
3556404.0,Vargem Grande do Sul,Municipal,7.337491,7.3,7.0,0.2999999999999998
3556453.0,Vargem Grande Paulista,Municipal,6.383639,6.4,6.6,-0.1999999999999993
3556503.0,Várzea Paulista,Municipal,6.522777,6.5,6.3,0.20000000000000018
3556602.0,Vera Cruz,Municipal,6.285262,6.3,6.5,-0.20000000000000018
3556701.0,Vinhedo,Municipal,6.81323,6.7,6.4,0.2999999999999998
3556800.0,Viradouro,Municipal,6.351856,6.4,5.9,0.5
3556909.0,Vista Alegre do Alto,Municipal,6.838748,6.8,6.8,0.0
3556958.0,Vitória Brasil,Municipal,6.80965,6.8,5.8,1.0
3557006.0,Votorantim,Municipal,6.488897,6.5,6.4,0.09999999999999964
3557105.0,Votuporanga,Municipal,6.711054,6.7,6.8,-0.09999999999999964
3557154.0,Zacarias,Municipal,7.058374,7.1,6.2,0.8999999999999995
3557204.0,Chavantes,Municipal,5.944883,5.9,6.0,-0.09999999999999964
3557303.0,Estiva Gerbi,Municipal,6.460315,6.3,6.0,0.2999999999999998
