codigo_sefaz,municipio,va_2025,va_2024,populacao,receita_tributaria,area_cultivada,area_inundada,indice_area_protegida,vegetacao_nativa,residuos_solidos,cota_parte_educacao,ipm,municipio_chave
150.0,ADAMANTINA,827408057.0,1216515124.0,34687.0,36423647.0,32756.9,0.0,0.0,0.0,0.0,0.0007875,0.0569592,ADAMANTINA
151.0,ADOLFO,188043288.0,271762680.0,4351.0,3183198.0,14617.3,0.0106482,0.0,0.0,0.0,0.0001013,0.0205856,ADOLFO
152.0,AGUAI,1888263754.0,1807776588.0,32072.0,23426911.0,41135.8,0.0,0.0,0.0,0.001715,0.0007792,0.0876564,AGUAI
154.0,AGUAS DA PRATA,331325813.0,274621644.0,7369.0,6874726.0,9013.1,0.0,0.007244,0.0023692,0.00164,0.0001711,0.0211543,AGUAS DA PRATA
153.0,AGUAS DE LINDOIA,341692353.0,266432731.0,17930.0,50146582.0,3234.9,0.0,0.0,0.0,0.001619,0.0004391,0.0230424,AGUAS DE LINDOIA
607.0,AGUAS DE SANTA BARBARA,440577720.0,427231715.0,7177.0,23667941.0,29850.8,0.0,0.318106,0.0,0.0,0.0001946,0.0303241,AGUAS DE SANTA BARBARA
155.0,AGUAS DE SAO PEDRO,60281596.0,63299467.0,2780.0,11730610.0,29.0,0.0,0.0,0.0,0.001544,8.76e-05,0.007687,AGUAS DE SAO PEDRO
156.0,AGUDOS,4086135815.0,3666466480.0,37680.0,19129749.0,78581.68,0.0,0.039598,0.0006544,0.00185,0.0008931,0.1683575,AGUDOS
732.0,ALAMBARI,193607196.0,129103792.0,6141.0,4299617.0,13451.7,0.0,0.0,0.0,0.0,0.0001695,0.0134722,ALAMBARI
157.0,ALFREDO MARCONDES,240827173.0,149085662.0,4445.0,3405205.0,11791.2,0.0,0.0,0.0,0.0,3.8e-05,0.0127123,ALFREDO MARCONDES
158.0,ALTAIR,486721771.0,355446060.0,3451.0,1856161.0,24129.1,0.0,0.0,0.0,0.0,6.81e-05,0.0231173,ALTAIR
159.0,ALTINOPOLIS,1023420953.0,968967638.0,16818.0,13651670.0,68945.7,0.0,0.0,0.0,0.001619,0.0004283,0.0572145,ALTINOPOLIS
160.0,ALTO ALEGRE,230244927.0,232612480.0,3841.0,1933994.0,28303.2,0.0,0.0,0.0,0.001555,9.88e-05,0.0183218,ALTO ALEGRE
733.0,ALUMINIO,3413980236.0,2559053075.0,17301.0,20753520.0,2387.0,0.0002294,0.04067,0.0002179,0.00163,0.0004422,0.1172533,ALUMINIO
161.0,ALVARES FLORENCE,285035533.0,253826044.0,3915.0,2094355.0,30681.0,0.0,0.0,0.0,0.0,9.5e-05,0.019251,ALVARES FLORENCE
162.0,ALVARES MACHADO,459213511.0,422738470.0,27255.0,14036388.0,30850.82,0.0,0.0,0.0,0.001935,0.000659,0.0341367,ALVARES MACHADO
163.0,ALVARO DE CARVALHO,93400132.0,45839709.0,4808.0,1252456.0,11931.1,0.0,0.0,0.0,0.00164,0.0001126,0.0099394,ALVARO DE CARVALHO
164.0,ALVINLANDIA,72707774.0,47216287.0,2885.0,1205010.0,6016.8,0.0,0.0943,0.0,0.001592,8.15e-05,0.0090874,ALVINLANDIA
165.0,AMERICANA,11206380888.0,9940015875.0,237240.0,365060779.0,2221.7,0.0017105,0.0,0.0,0.003496,0.0045342,0.4560714,AMERICANA
166.0,AMERICO BRASILIENSE,985167970.0,1112338891.0,33019.0,17392366.0,9128.3,0.0,0.0,0.0,0.002001,0.0008309,0.0543972,AMERICO BRASILIENSE
167.0,AMERICO DE CAMPOS,284297335.0,318402121.0,5870.0,2770268.0,20900.0,0.0,0.0,0.0,0.001635,0.0001705,0.0205224,AMERICO DE CAMPOS
168.0,AMPARO,5504202599.0,5166881490.0,68008.0,97471928.0,31205.9,0.0,0.376675,0.0041747,0.0,0.0014435,0.2286112,AMPARO
169.0,ANALANDIA,558822731.0,498681272.0,4589.0,5456278.0,27332.4,0.0,0.280189,0.0032737,0.001624,0.0001196,0.0352046,ANALANDIA
170.0,ANDRADINA,2557222335.0,2912165930.0,59783.0,49660914.0,74183.4,0.0052216,0.011762,0.0,0.001942,0.0014441,0.1375622,ANDRADINA
171.0,ANGATUBA,1706289367.0,1470577149.0,24022.0,13473053.0,78011.0,0.002387,0.051346,0.0001905,0.001603,0.0006698,0.0846551,ANGATUBA
172.0,ANHEMBI,552274652.0,373666923.0,5674.0,4591800.0,55570.9,0.0138295,0.142551,0.0010577,0.0,0.0001694,0.0407811,ANHEMBI
173.0,ANHUMAS,95293522.0,123237162.0,4023.0,4006246.0,27241.76,0.0,0.0,0.0,0.001518,0.0001386,0.0143671,ANHUMAS
174.0,APARECIDA,703004940.0,607923657.0,32569.0,42006311.0,6369.1,0.0,0.0,0.0,0.0,0.0007731,0.039222,APARECIDA
175.0,APARECIDA D'OESTE,157619387.0,139942120.0,4086.0,1030343.0,14935.0,0.0010716,0.0,0.0,0.001316,0.000104,0.0135232,APARECIDA DOESTE
176.0,APIAI,587768821.0,593317308.0,24585.0,10088615.0,24668.9,0.0,0.801181,0.0248682,0.001624,0.0005648,0.0697613,APIAI
734.0,ARACARIGUAMA,4096630863.0,3586030148.0,21522.0,37606464.0,6783.0,0.0,0.0,0.0031545,0.001359,0.0005902,0.1533583,ARACARIGUAMA
177.0,ARACATUBA,6271884766.0,6156452322.0,200124.0,234180142.0,84940.3,0.024108,0.0,0.0,0.003318,0.0050896,0.3274864,ARACATUBA
178.0,ARACOIABA DA SERRA,1110569676.0,927463296.0,32443.0,52013960.0,14673.0,0.0,0.0,0.0,0.002001,0.0008363,0.0556991,ARACOIABA DA SERRA
179.0,ARAMINA,167063800.0,227799223.0,5420.0,4802516.0,17071.8,0.0006529,0.0,0.0,0.0,0.0001534,0.0155675,ARAMINA
180.0,ARANDU,235295569.0,246639698.0,6885.0,14568358.0,22288.9,0.010627,0.0,0.0,0.001592,0.0001919,0.0246861,ARANDU
735.0,ARAPEI,28526861.0,20661444.0,2330.0,987207.0,11338.3,0.0,0.0,0.0029608,0.001582,7.08e-05,0.0106195,ARAPEI
181.0,ARARAQUARA,10211228475.0,10719055454.0,242228.0,323760555.0,78638.2,0.0,0.0,0.0,0.003674,0.0044475,0.4626942,ARARAQUARA
182.0,ARARAS,6299141045.0,6321357816.0,130866.0,193344052.0,48958.2,0.0,0.0,0.0,0.0,0.0027859,0.2800903,ARARAS
775.0,ARCO-IRIS,140824511.0,122659383.0,2044.0,433065.0,26645.9,0.0,0.0,0.0,0.001539,4.11e-05,0.0136855,ARCO IRIS
183.0,AREALVA,319920459.0,313797593.0,8130.0,4365137.0,38063.9,0.0021126,0.0,0.0,0.00129,0.0002518,0.0259915,AREALVA
184.0,AREIAS,42715273.0,41313796.0,3577.0,1141443.0,22593.9,0.0001768,0.0,0.0061143,0.0,0.0001224,0.0162844,AREIAS
185.0,AREIOPOLIS,153743517.0,168756448.0,10130.0,2463572.0,7838.7,0.0,0.0,0.0,0.001555,0.0002668,0.0144915,AREIOPOLIS
186.0,ARIRANHA,1220638493.0,1107063215.0,7602.0,4875461.0,11616.7,0.0,0.0,0.0,0.0,0.0002054,0.0491934,ARIRANHA
187.0,ARTUR NOGUEIRA,1694386213.0,1613480288.0,51456.0,40747216.0,12198.4,0.0,0.0,0.0,0.0,0.0014312,0.083928,ARTUR NOGUEIRA
188.0,ARUJA,8207032553.0,7121798016.0,86678.0,165120067.0,554.0,0.0,0.045386,0.0017828,0.00185,0.0023499,0.315056,ARUJA
736.0,ASPASIA,55340452.0,50275609.0,1842.0,543897.0,6530.0,0.0,0.0,0.0,0.0,1.56e-05,0.0063491,ASPASIA
189.0,ASSIS,2416891100.0,1885505728.0,101409.0,119292036.0,44099.2,0.0,0.234971,0.0,0.003603,0.002444,0.1276671,ASSIS
190.0,ATIBAIA,6465226654.0,5912757028.0,158647.0,370888563.0,17602.5,0.0,0.586591,0.0069608,0.003413,0.0041504,0.3092707,ATIBAIA
191.0,AURIFLAMA,821410013.0,555941646.0,13692.0,8386277.0,36276.9,0.0001052,0.0,0.0,0.001295,0.0003219,0.0389036,AURIFLAMA
192.0,AVAI,406644184.0,313281525.0,4483.0,4007825.0,43529.4,0.0,0.492972,0.0042092,0.001592,0.0001373,0.0351877,AVAI
193.0,AVANHANDAVA,450065630.0,418974599.0,11263.0,6468079.0,29231.6,0.0,0.0,0.0,0.001576,0.00034,0.0289396,AVANHANDAVA
194.0,AVARE,2732160748.0,2725014962.0,92805.0,99795475.0,78029.4,0.0116238,0.26237,0.0020008,0.001683,0.0022938,0.1585181,AVARE
195.0,BADY BASSITT,445483384.0,397760360.0,27260.0,30786810.0,8089.24,0.0,0.0,0.0,0.001903,0.0007327,0.0311087,BADY BASSITT
196.0,BALBINOS,66922863.0,42552873.0,3887.0,463895.0,8898.9,0.0,0.205867,0.0004423,0.0,5.39e-05,0.0098207,BALBINOS
197.0,BALSAMO,452306964.0,360417086.0,9596.0,8399560.0,14098.7,0.0,0.0,0.0,0.001651,0.00025,0.0243099,BALSAMO
198.0,BANANAL,188688056.0,144417174.0,9969.0,5053465.0,28242.2,0.0,0.079637,0.0143572,0.001333,0.0002525,0.0331479,BANANAL
199.0,BARAO DE ANTONINA,53359747.0,38447067.0,3531.0,1160840.0,11346.0,0.0044562,0.160384,0.0006517,0.001608,0.0001005,0.0133006,BARAO DE ANTONINA
200.0,BARBOSA,191970045.0,161344689.0,5640.0,3987666.0,16768.4,0.004944,0.0,0.0,0.001368,0.0001989,0.0180851,BARBOSA
201.0,BARIRI,1502793429.0,1334054372.0,31595.0,21732795.0,37830.0,0.0022059,0.0,0.0,0.001961,0.0008217,0.0734595,BARIRI
202.0,BARRA BONITA,1722272963.0,1822452703.0,34346.0,34554145.0,10385.8,0.0016492,0.02536,6.34e-05,0.0,0.0008054,0.0808763,BARRA BONITA
737.0,BARRA DO CHAPEU,122155272.0,64494231.0,5179.0,1007668.0,16045.4,0.0,0.0,0.0087844,0.0,0.0002001,0.0204974,BARRA DO CHAPEU
203.0,BARRA DO TURVO,59539524.0,42618578.0,6876.0,6819873.0,26719.3,0.0,4.731579,0.0018945,0.001534,0.0001937,0.0622575,BARRA DO TURVO
204.0,BARRETOS,4913883952.0,4742420471.0,122485.0,170937720.0,127356.9,0.0042148,0.0,0.0,0.0,0.003007,0.2445425,BARRETOS
205.0,BARRINHA,574396335.0,492426771.0,32092.0,14728927.0,8391.2,0.0,0.0,0.0,0.001337,0.0009394,0.0367318,BARRINHA
206.0,BARUERI,44197549893.0,39989049893.0,316473.0,2900570253.0,0.0,0.0,0.019461,4.05e-05,0.003401,0.0089664,1.7355951,BARUERI
207.0,BASTOS,2252841803.0,1637046044.0,21503.0,9984075.0,12908.9,0.0,0.0,0.0,0.001343,0.000555,0.0823157,BASTOS
208.0,BATATAIS,2654915544.0,2704221277.0,58402.0,41921361.0,67580.3,0.0,0.0,0.0,0.001994,0.0014276,0.1310766,BATATAIS
209.0,BAURU,13388704984.0,13335576425.0,379146.0,550183390.0,38510.2,0.0,0.490137,0.0040247,0.003365,0.0067719,0.6077662,BAURU
210.0,BEBEDOURO,4859499169.0,3609832306.0,76373.0,81333729.0,58388.0,0.0,0.0,0.0,0.00202,0.0017752,0.1903942,BEBEDOURO
211.0,BENTO DE ABREU,290139834.0,516700542.0,2606.0,3629034.0,23848.3,0.0,0.0,0.0,0.001348,7.33e-05,0.0233869,BENTO DE ABREU
212.0,BERNARDINO DE CAMPOS,639421129.0,580442121.0,11607.0,8060873.0,26208.0,0.000455,0.0,0.0,0.001343,0.0002798,0.034095,BERNARDINO DE CAMPOS
738.0,BERTIOGA,864766128.0,801993738.0,64188.0,392293617.0,1.0,0.0,2.865464,0.008757,0.001955,0.0020943,0.1143929,BERTIOGA
213.0,BILAC,274656338.0,242113674.0,7319.0,3958911.0,14320.9,0.0,0.0,0.0,0.001432,0.0002045,0.0182262,BILAC
214.0,BIRIGUI,4241037671.0,3603611171.0,118979.0,113665457.0,52577.4,0.0016061,0.0,0.0,0.0,0.0032002,0.1978059,BIRIGUI
215.0,BIRITIBA-MIRIM,418466275.0,390951428.0,29683.0,18066704.0,9419.5,0.0023032,0.621241,0.0055254,0.0,0.0008422,0.0435085,BIRITIBA MIRIM
216.0,BOA ESPERANCA DO SUL,435665028.0,533053152.0,12978.0,8188669.0,51554.0,0.0,0.0,0.0,0.001322,0.0003475,0.0346836,BOA ESPERANCA DO SUL
217.0,BOCAINA,354538615.0,786765502.0,11259.0,7503483.0,26537.4,0.0,0.0,0.0,0.001236,0.0002792,0.0326464,BOCAINA
218.0,BOFETE,734194633.0,585463073.0,10460.0,13702512.0,38667.85,0.0,0.403438,0.0094919,0.0,0.0002599,0.0505782,BOFETE
219.0,BOITUVA,3505039966.0,3195551321.0,61081.0,87001697.0,12539.0,0.0,0.0,0.0,0.001974,0.00164,0.1497671,BOITUVA
220.0,BOM JESUS DOS PERDOES,1295137797.0,1048194635.0,22006.0,27218698.0,2421.5,0.0,0.788164,0.0016759,0.0,0.0006238,0.0636886,BOM JESUS DOS PERDOES
739.0,BOM SUCESSO DE ITARARE,173658091.0,119519545.0,3555.0,955031.0,6454.8,0.0,0.0,0.0031005,0.001624,0.0001183,0.0148439,BOM SUCESSO DE ITARARE
221.0,BORA,147127628.0,114096493.0,907.0,469065.0,11205.3,0.0,0.0,0.0,0.001592,2.49e-05,0.0107868,BORA
222.0,BORACEIA,389164823.0,374245609.0,4715.0,1827769.0,8655.0,0.0030004,0.0,0.0,0.001486,0.0001296,0.0221117,BORACEIA
223.0,BORBOREMA,856747376.0,718302474.0,14226.0,12318590.0,47412.4,0.0039266,0.0,0.0,0.001528,0.0003252,0.0466304,BORBOREMA
721.0,BOREBI,278669966.0,167079651.0,2713.0,1676154.0,28993.19,0.0,0.0,0.0,0.001635,8.39e-05,0.0179136,BOREBI
224.0,BOTUCATU,6503362954.0,5643952513.0,145155.0,145125014.0,103775.7,0.0102131,0.33186,0.0054253,0.00352,0.0034935,0.3031274,BOTUCATU
225.0,BRAGANCA PAULISTA,6897136303.0,6468254902.0,176811.0,314529488.0,28340.4,0.0022644,0.475028,0.0048703,0.003437,0.0042327,0.3256137,BRAGANCA PAULISTA
226.0,BRAUNA,137292923.0,109987094.0,5356.0,2463231.0,15827.6,0.0,0.0,0.0,0.001507,0.0001935,0.0135045,BRAUNA
776.0,BREJO ALEGRE,104176521.0,184111245.0,2565.0,1108757.0,11115.7,0.0018777,0.0,0.0,0.00121,6.72e-05,0.0126194,BREJO ALEGRE
227.0,BRODOWSKI,913229195.0,745211443.0,25201.0,19554918.0,21046.4,0.0,0.0,0.0,0.001728,0.0006688,0.046371,BRODOWSKI
228.0,BROTAS,1257738557.0,1256566462.0,23898.0,35798197.0,77006.0,0.0,0.371611,0.0038348,0.00164,0.0005251,0.077715,BROTAS
229.0,BURI,1199206243.0,1102834854.0,20250.0,7748824.0,109670.2,0.0,0.0,0.0,0.001309,0.00059,0.071317,BURI
230.0,BURITAMA,860671321.0,709884481.0,17210.0,16634274.0,24859.42,0.005816,0.0,0.0,0.001284,0.0004779,0.0455665,BURITAMA
231.0,BURITIZAL,642795677.0,585357654.0,4356.0,5160131.0,19477.64,0.0,0.0,0.0,0.0,0.0001137,0.0299035,BURITIZAL
232.0,CABRALIA PAULISTA,183184186.0,142548023.0,4299.0,2763330.0,18655.93,0.0,0.0,0.0,0.001592,0.0001206,0.0145347,CABRALIA PAULISTA
233.0,CABREUVA,10205976723.0,7846879909.0,47011.0,52234814.0,10245.0,0.0,0.313792,0.0057257,0.001955,0.0013117,0.3530104,CABREUVA
234.0,CACAPAVA,4642965745.0,3874458820.0,96202.0,100622277.0,18259.3,0.0,0.0,0.0,0.002007,0.0023194,0.192333,CACAPAVA
235.0,CACHOEIRA PAULISTA,253988564.0,262771466.0,31564.0,20374969.0,22000.7,0.0,0.0,0.0,0.001702,0.0006799,0.0266548,CACHOEIRA PAULISTA
236.0,CACONDE,490522035.0,418380608.0,17101.0,8376500.0,38224.3,0.0045544,0.0,0.0,0.001534,0.0004128,0.0345216,CACONDE
237.0,CAFELANDIA,738919498.0,730416150.0,16654.0,11003623.0,72042.4,0.0070894,0.0,0.0,0.001534,0.000457,0.052218,CAFELANDIA
238.0,CAIABU,69940329.0,64144302.0,3712.0,1228036.0,23418.4,0.0,0.0,0.0,0.001571,9.03e-05,0.0115169,CAIABU
239.0,CAIEIRAS,4462828356.0,3765035141.0,95032.0,119121544.0,2411.2,2.19e-05,0.078878,0.0014335,0.0,0.0022924,0.1861661,CAIEIRAS
240.0,CAIUA,235759302.0,177658625.0,5466.0,2599420.0,46964.6,0.0042889,0.0,0.0,0.0,0.0001393,0.0225523,CAIUA
241.0,CAJAMAR,26316854052.0,23887995292.0,92689.0,297855702.0,1294.7,0.0002866,0.231213,0.0015358,0.0,0.0022899,0.9392614,CAJAMAR
740.0,CAJATI,2264247556.0,2122291053.0,28515.0,27392318.0,10272.3,0.0,1.400032,0.0007489,0.001929,0.0008194,0.1099908,CAJATI
242.0,CAJOBI,306314579.0,300962170.0,9133.0,3747212.0,14570.9,0.0,0.0,0.0,0.0,0.0002147,0.0193246,CAJOBI
243.0,CAJURU,939510567.0,848336748.0,23830.0,12469444.0,37266.4,0.0,0.0,0.0,0.0,0.0007122,0.0508168,CAJURU
741.0,CAMPINA DO MONTE ALEGRE,175358953.0,186304676.0,5954.0,2429752.0,14208.0,0.0,0.0,0.0,0.0014,0.0001695,0.0149413,CAMPINA DO MONTE ALEGRE
244.0,CAMPINAS,47621255291.0,48281100518.0,1139047.0,4227076876.0,23470.7,2.26e-05,0.038464,0.0002734,0.020466,0.019279,2.1575378,CAMPINAS
245.0,CAMPO LIMPO PAULISTA,2440455930.0,2381454516.0,77632.0,61757953.0,463.9,0.0,0.02162,0.0011654,0.002001,0.0019712,0.119126,CAMPO LIMPO PAULISTA
246.0,CAMPOS DO JORDAO,873231176.0,901634876.0,46974.0,129756621.0,999.0,0.0,1.134154,0.0063012,0.001876,0.0012337,0.0747662,CAMPOS DO JORDAO
247.0,CAMPOS NOVOS PAULISTA,501800123.0,392408880.0,4888.0,2898917.0,53305.8,0.0,0.0,0.0,0.001635,0.000146,0.0309059,CAMPOS NOVOS PAULISTA
248.0,CANANEIA,94065129.0,81886180.0,12289.0,10326707.0,5235.9,0.0,3.732226,0.0439178,0.001582,0.0003824,0.0944574,CANANEIA
777.0,CANAS,82544017.0,56744606.0,4931.0,3110015.0,4735.4,0.0,0.0,0.0,0.00163,0.0001691,0.0094648,CANAS
249.0,CANDIDO MOTA,1750946387.0,1802895916.0,29449.0,21955963.0,83203.5,0.0024145,0.0,0.0,0.001961,0.0006658,0.0922854,CANDIDO MOTA
250.0,CANDIDO RODRIGUES,116433511.0,110562995.0,2889.0,1549495.0,5972.9,0.0,0.0,0.0,0.001528,8.65e-05,0.0100876,CANDIDO RODRIGUES
742.0,CANITAR,72402424.0,231031808.0,6283.0,1695263.0,5078.4,9.75e-05,0.0,0.0,0.0,0.0001516,0.0115077,CANITAR
251.0,CAPAO BONITO,1328176642.0,1255465124.0,46337.0,24562805.0,118709.9,0.0,1.921633,0.0271671,0.00185,0.0012684,0.1339817,CAPAO BONITO
252.0,CAPELA DO ALTO,448000336.0,407295392.0,22866.0,12022883.0,10864.0,0.0,0.0,0.0,0.001624,0.0005798,0.0289275,CAPELA DO ALTO
253.0,CAPIVARI,2867956594.0,2414730137.0,50068.0,51630147.0,27164.2,0.0,3.1e-05,0.0,0.001903,0.0013999,0.1223939,CAPIVARI
254.0,CARAGUATATUBA,7451510482.0,8290556773.0,134873.0,376769341.0,6777.3,0.0,2.773408,0.0,0.003496,0.0035803,0.3755,CARAGUATATUBA
255.0,CARAPICUIBA,4290261285.0,4365448954.0,386984.0,214108442.0,0.0,0.0,0.005494,1.92e-05,0.0,0.0072055,0.2611043,CARAPICUIBA
256.0,CARDOSO,563396467.0,533452645.0,11345.0,4541815.0,45938.8,0.0155914,0.0,0.0,0.001576,0.0002797,0.0428515,CARDOSO
257.0,CASA BRANCA,1757846359.0,1723638928.0,28083.0,31820850.0,71252.0,0.0,0.0,0.0,0.001889,0.0006914,0.0883613,CASA BRANCA
258.0,CASSIA DOS COQUEIROS,117334331.0,118147675.0,2799.0,1807004.0,14766.9,0.0,0.0,0.0,0.0,6.96e-05,0.0107983,CASSIA DOS COQUEIROS
259.0,CASTILHO,2497442122.0,2672724840.0,19977.0,22976975.0,72627.7,0.0260237,0.001175,0.0,0.001518,0.0005333,0.1290253,CASTILHO
260.0,CATANDUVA,4093658653.0,4084418572.0,115791.0,150400743.0,19949.38,0.0,0.0,0.0,0.0,0.0024178,0.1896736,CATANDUVA
261.0,CATIGUA,141580698.0,159392415.0,7003.0,5230453.0,12767.59,0.0,0.0,0.0,0.00164,0.0001783,0.0139883,CATIGUA
262.0,CEDRAL,593650824.0,437759783.0,12618.0,11981341.0,16624.1,0.0,0.0,0.0,0.0,0.0003421,0.0290986,CEDRAL
263.0,CERQUEIRA CESAR,1048241110.0,1013254614.0,21469.0,12617781.0,43376.9,0.004282,0.000278,0.0,0.0,0.0005035,0.0563407,CERQUEIRA CESAR
265.0,CERQUILHO,2467856175.0,2086593137.0,44695.0,34328003.0,11254.5,0.0,0.0,0.0,0.00172,0.001069,0.10184,CERQUILHO
264.0,CESARIO LANGE,594734694.0,440236684.0,19048.0,13689121.0,16454.4,0.0,0.0,0.0,0.001603,0.0005312,0.0324217,CESARIO LANGE
266.0,CHARQUEADA,766052693.0,645637334.0,15535.0,12822112.0,11914.3,0.0,0.018431,0.0001911,0.0,0.0004466,0.0367796,CHARQUEADA
719.0,CHAVANTES,473225175.0,644189491.0,12211.0,8097367.0,17270.3,0.0014981,0.0,0.0,0.0,0.0002828,0.0307362,CHAVANTES
267.0,CLEMENTINA,623372481.0,549615391.0,6982.0,3159768.0,14617.9,0.0,0.0,0.0,0.001544,0.0002059,0.0299327,CLEMENTINA
268.0,COLINA,2856785381.0,3235803684.0,18486.0,10561674.0,36263.4,0.0,0.0,0.0,0.001544,0.0004442,0.1245661,COLINA
269.0,COLOMBIA,980927282.0,1186307016.0,6629.0,5955182.0,56647.7,0.010015,0.000455,0.0,0.001624,0.0002277,0.0603563,COLOMBIA
270.0,CONCHAL,980115828.0,1409794397.0,28101.0,24816140.0,15709.0,0.0,0.0,0.0,0.002001,0.0008232,0.0609611,CONCHAL
271.0,CONCHAS,403688224.0,379621938.0,15232.0,11922361.0,37105.8,0.002985,0.0,0.0,0.0,0.0003777,0.0302578,CONCHAS
272.0,CORDEIROPOLIS,5870448086.0,5493930945.0,24514.0,38192405.0,8428.4,0.0,0.0,0.0,0.0,0.0005846,0.2152058,CORDEIROPOLIS
273.0,COROADOS,533003725.0,621254737.0,5400.0,3018786.0,24976.5,0.0,0.0,0.0,0.001491,0.0001692,0.0309452,COROADOS
274.0,CORONEL MACEDO,316785959.0,256413640.0,4280.0,3707898.0,36173.3,0.0002663,0.126838,0.0009128,0.001608,0.0001106,0.0241768,CORONEL MACEDO
275.0,CORUMBATAI,361700026.0,308074018.0,4195.0,6941832.0,21398.0,0.0,0.272576,0.002471,0.001544,0.0001014,0.0262238,CORUMBATAI
276.0,COSMOPOLIS,2974960249.0,3061836513.0,59773.0,38129071.0,10000.0,0.0,0.0,0.0,0.001994,0.0014053,0.1327948,COSMOPOLIS
277.0,COSMORAMA,738319127.0,442406560.0,8719.0,5520876.0,34540.0,0.0,0.0,0.0,0.001651,0.000287,0.0345752,COSMORAMA
278.0,COTIA,17143166201.0,16247803287.0,274413.0,502853003.0,1199.7,0.000666,1.134082,0.0090059,0.0,0.0069359,0.7269083,COTIA
279.0,CRAVINHOS,2871478856.0,2601274979.0,33281.0,51893001.0,23714.6,0.0,0.0,0.0,0.001696,0.0009179,0.1189945,CRAVINHOS
280.0,CRISTAIS PAULISTA,631884039.0,534483028.0,9272.0,4081611.0,30320.4,0.0,0.0,0.0,0.0,0.0002326,0.03215,CRISTAIS PAULISTA
281.0,CRUZALIA,207234053.0,143580067.0,2108.0,1229598.0,23701.7,0.0008927,0.0,0.0,0.001379,6.97e-05,0.0154532,CRUZALIA
282.0,CRUZEIRO,2584809074.0,2531170638.0,74961.0,50059859.0,14478.0,0.0,0.525535,0.0,0.002007,0.0016394,0.1260943,CRUZEIRO
283.0,CUBATAO,30728723479.0,28391305671.0,112476.0,490901517.0,9.6,0.0,0.944468,0.0,0.003591,0.0026487,1.1174989,CUBATAO
284.0,CUNHA,265781859.0,242096089.0,22110.0,6761301.0,102479.0,0.0,0.769018,0.0,0.00138,0.0005543,0.045576,CUNHA
285.0,DESCALVADO,2702931422.0,2636329562.0,31756.0,25799583.0,55256.0,0.0,0.0,0.0,0.002001,0.0007395,0.119008,DESCALVADO
286.0,DIADEMA,18388156158.0,17023283755.0,393237.0,459920128.0,0.0,0.0001501,0.0,0.0001049,0.003615,0.0081941,0.7595921,DIADEMA
722.0,DIRCE REIS,145577670.0,95399452.0,1620.0,744665.0,8111.0,0.0,0.0,0.0,0.001539,2.44e-05,0.0098824,DIRCE REIS
287.0,DIVINOLANDIA,443891383.0,443301281.0,11158.0,4729356.0,20303.4,5.64e-05,0.0,0.0,0.001534,0.0003023,0.0272142,DIVINOLANDIA
288.0,DOBRADA,142989361.0,185706543.0,8759.0,4341712.0,12351.4,0.0,0.0,0.0,0.0,7.47e-05,0.0123574,DOBRADA
289.0,DOIS CORREGOS,1152031871.0,995150085.0,24510.0,16717555.0,50714.0,0.0039578,0.236872,0.0020519,0.001555,0.000659,0.0662163,DOIS CORREGOS
290.0,DOLCINOPOLIS,201876130.0,64665137.0,2207.0,983153.0,8314.0,0.0,0.0,0.0,0.001402,5.72e-05,0.0106826,DOLCINOPOLIS
291.0,DOURADO,841032527.0,798114237.0,8096.0,7469321.0,15500.0,0.0,0.0,0.0,0.0,0.0001953,0.0376779,DOURADO
292.0,DRACENA,913884241.0,825770149.0,45474.0,47026686.0,38374.3,0.0,0.175009,0.0,0.001876,0.0010794,0.0592142,DRACENA
293.0,DUARTINA,347396793.0,283313386.0,12328.0,7269836.0,24241.0,0.0,0.045731,0.0004998,0.001507,0.0003212,0.0245929,DUARTINA
294.0,DUMONT,474218705.0,471064516.0,9471.0,6448907.0,10053.4,0.0,0.0,0.0,0.001375,0.0002808,0.0261476,DUMONT
295.0,ECHAPORA,367268250.0,333298787.0,6205.0,4012995.0,46642.1,0.0,0.0,0.0,0.00164,0.000196,0.0270343,ECHAPORA
296.0,ELDORADO,174574230.0,154250457.0,13069.0,2893913.0,36653.9,0.0,2.683026,0.0570769,0.0,0.0003806,0.1041332,ELDORADO
297.0,ELIAS FAUSTO,1444126087.0,1470050472.0,17699.0,17900690.0,16368.9,0.0,0.0,0.0,0.001391,0.0005128,0.0656447,ELIAS FAUSTO
743.0,ELISIARIO,74651404.0,77052225.0,3138.0,1882377.0,7212.8,0.0,0.0,0.0,0.001534,8.52e-05,0.0089762,ELISIARIO
723.0,EMBAUBA,94838928.0,210999047.0,2323.0,841484.0,6964.4,0.0,0.0,0.0,0.0,6.6e-05,0.0106559,EMBAUBA
298.0,EMBU DAS ARTES,16783420313.0,16697401763.0,250691.0,193373826.0,79.9,0.0,0.0,0.001173,0.0,0.0059788,0.6838859,EMBU DAS ARTES
299.0,EMBU-GUACU,810141093.0,749106898.0,66970.0,34013364.0,1128.9,0.0001281,0.0,0.0042286,0.0,0.0014715,0.055845,EMBU GUACU
744.0,EMILIANOPOLIS,71663066.0,57874351.0,3014.0,528156.0,21668.68,0.0,0.0,0.0,0.0,0.0001034,0.0104574,EMILIANOPOLIS
745.0,ENGENHEIRO COELHO,612552268.0,661327619.0,19566.0,14072328.0,8583.9,0.0,0.0,0.0,0.0,0.0004901,0.0341234,ENGENHEIRO COELHO
530.0,ESPIRITO SANTO DO PINHAL,1793689241.0,1509435380.0,39816.0,34959260.0,28910.6,4.87e-05,0.0,0.0,0.00202,0.0008356,0.0800145,ESPIRITO SANTO DO PINHAL
724.0,ESPIRITO SANTO DO TURVO,362662993.0,267336800.0,4157.0,2890296.0,15827.5,0.0,0.0,0.0,0.001592,0.0001215,0.0194351,ESPIRITO SANTO DO TURVO
746.0,ESTIVA GERBI,278995315.0,365934539.0,11295.0,8276795.0,5076.7,0.0,0.0,0.0,0.0,0.000307,0.019746,ESTIVA GERBI
300.0,ESTRELA DO NORTE,51622239.0,77774173.0,2703.0,1006718.0,22315.0,0.0,0.0,0.0,0.001534,7.34e-05,0.0110037,ESTRELA DO NORTE
301.0,ESTRELA D'OESTE,952599263.0,902584514.0,9417.0,5116356.0,26228.5,0.0,0.0,0.0,0.001555,0.0002505,0.0447251,ESTRELA DOESTE
725.0,EUCLIDES DA CUNHA PAULISTA,245467962.0,170048311.0,7924.0,1334418.0,42495.4,0.0096203,0.0,0.0,0.0,0.0002264,0.0255244,EUCLIDES DA CUNHA PAULISTA
302.0,FARTURA,713524455.0,583450034.0,16641.0,8918027.0,32462.6,0.0140403,0.360616,0.0024994,0.0,0.0004315,0.0507077,FARTURA
303.0,FERNANDO PRESTES,245733295.0,276077867.0,5942.0,2928782.0,14217.2,0.0,0.0,0.0,0.001592,0.0002047,0.0183317,FERNANDO PRESTES
304.0,FERNANDOPOLIS,1982943973.0,1774379005.0,71186.0,67814410.0,43833.6,0.0,0.0,0.0,0.002033,0.0017615,0.1038805,FERNANDOPOLIS
786.0,FERNAO,56434884.0,63797946.0,1656.0,480052.0,8488.0,0.0,0.0,0.0,0.00164,5.82e-05,0.0082753,FERNAO
305.0,FERRAZ DE VASCONCELOS,2649030473.0,2476677584.0,179198.0,83692212.0,61.2,0.0,0.0,0.0,0.0,0.0047407,0.1584754,FERRAZ DE VASCONCELOS
306.0,FLORA RICA,65237259.0,51447976.0,1487.0,433702.0,19662.7,0.0,0.0,0.0,0.001523,3.61e-05,0.0097992,FLORA RICA
307.0,FLOREAL,152305443.0,125112203.0,2733.0,1230267.0,18160.9,0.0,0.0,0.0,0.001512,8.97e-05,0.0130862,FLOREAL
308.0,FLORIDA PAULISTA,298686147.0,246764573.0,12958.0,4362435.0,46896.0,0.0,0.0,0.0,0.00163,0.000295,0.0256686,FLORIDA PAULISTA
309.0,FLORINEA,241067489.0,182115489.0,3851.0,3208230.0,26124.0,0.0049465,0.0,0.0,0.001571,3.34e-05,0.0189677,FLORINEA
310.0,FRANCA,10161671694.0,9027818934.0,352536.0,402806027.0,37008.8,0.0,0.0,0.0,0.003247,0.0081848,0.4744429,FRANCA
311.0,FRANCISCO MORATO,944261623.0,831381141.0,165139.0,55241304.0,22.7,0.0,0.0,0.0006983,0.003437,0.0044358,0.0962859,FRANCISCO MORATO
312.0,FRANCO DA ROCHA,3525678720.0,3959205619.0,144849.0,113738186.0,1712.3,0.0002479,0.283755,7.83e-05,0.002883,0.0036854,0.1931996,FRANCO DA ROCHA
313.0,GABRIEL MONTEIRO,123381653.0,107414797.0,2763.0,1029605.0,12615.8,0.0,0.0,0.0,0.001598,6.81e-05,0.0110844,GABRIEL MONTEIRO
314.0,GALIA,221522333.0,184308826.0,6380.0,4088459.0,25193.4,0.0,0.255412,0.0007427,0.00164,0.0001627,0.0210129,GALIA
315.0,GARCA,1670408509.0,1452393439.0,42110.0,31290111.0,43304.0,0.0,0.0,0.0,0.00202,0.0010161,0.0813598,GARCA
316.0,GASTAO VIDIGAL,133044553.0,201174384.0,3252.0,1030048.0,15138.36,0.0,0.0,0.0,0.001587,6.89e-05,0.0134045,GASTAO VIDIGAL
787.0,GAVIAO PEIXOTO,335805862.0,633639810.0,4702.0,20708667.0,21308.2,0.0,0.0,0.0,0.001576,0.0001239,0.0273632,GAVIAO PEIXOTO
317.0,GENERAL SALGADO,705926538.0,322903993.0,10312.0,4096954.0,41202.4,0.0,0.0,0.0,0.00121,0.0002519,0.0323246,GENERAL SALGADO
318.0,GETULINA,491369878.0,354357830.0,10232.0,3736191.0,59090.3,0.0,0.0,0.0,0.001534,0.0002449,0.0323232,GETULINA
319.0,GLICERIO,264923153.0,237559978.0,4138.0,3282272.0,23948.0,0.0038801,0.0,0.0,0.001427,0.0001412,0.020711,GLICERIO
320.0,GUAICARA,678751677.0,527507880.0,11239.0,5911366.0,21528.43,0.003067,0.0,0.0,0.001592,0.0003143,0.0347527,GUAICARA
321.0,GUAIMBE,180239459.0,191850650.0,5512.0,1977780.0,17211.8,0.0,0.0,0.0,0.00148,0.0001962,0.0159753,GUAIMBE
322.0,GUAIRA,3909384194.0,4433945492.0,39279.0,31623463.0,128382.0,0.0114051,0.0,0.0,0.0,0.0009324,0.1925872,GUAIRA
323.0,GUAPIACU,1373673601.0,1220238372.0,21711.0,12667018.0,27565.5,0.0,0.0,0.0,0.0,0.0005577,0.0615258,GUAPIACU
324.0,GUAPIARA,493736886.0,417347521.0,17071.0,3241235.0,22631.2,0.0,0.016303,0.0084186,0.0,0.0004986,0.0382185,GUAPIARA
325.0,GUARA,1172314559.0,1251251205.0,18606.0,12884494.0,30050.5,0.0,0.0,0.0,0.0,0.0005045,0.0583314,GUARA
326.0,GUARACAI,463980184.0,413438335.0,7441.0,4044286.0,48743.2,0.0,0.240675,0.0,0.0,0.0001566,0.0316699,GUARACAI
327.0,GUARACI,863911188.0,934362832.0,10350.0,5635624.0,43756.2,0.0164576,0.0,0.0,0.001528,0.0002825,0.0554289,GUARACI
328.0,GUARANI D'OESTE,239737275.0,65901539.0,1968.0,546787.0,7218.8,0.0,0.0,0.0,0.0,5.58e-05,0.0104303,GUARANI DOESTE
329.0,GUARANTA,393742652.0,254290704.0,6427.0,8201661.0,35403.7,0.0,0.0,0.0,0.00164,0.0002003,0.0243571,GUARANTA
330.0,GUARARAPES,1806270494.0,1638574342.0,31043.0,22710073.0,86708.1,0.0006158,0.0,0.0,0.001889,0.0006955,0.0903516,GUARARAPES
331.0,GUARAREMA,2049888737.0,2026401520.0,31236.0,66564837.0,12945.6,0.0,0.002368,2.31e-05,0.002033,0.0009912,0.0941459,GUARAREMA
332.0,GUARATINGUETA,5498337047.0,5807650076.0,118044.0,111752999.0,44321.0,0.0,0.000209,0.0115949,0.003686,0.0028063,0.265998,GUARATINGUETA
333.0,GUAREI,536175836.0,412032581.0,15013.0,4305729.0,45858.5,0.0,0.222099,0.0019025,0.001496,0.0003512,0.037379,GUAREI
334.0,GUARIBA,1062454034.0,1550122272.0,37498.0,21854634.0,22228.2,0.0,0.0,0.0,0.001929,0.0010134,0.0683905,GUARIBA
335.0,GUARUJA,10155092709.0,6168377014.0,287634.0,1195390113.0,592.1,0.0,0.009216,0.003898,0.003591,0.006046,0.4270587,GUARUJA
336.0,GUARULHOS,89753078273.0,83645213924.0,1291771.0,2037841181.0,602.0,0.0,0.881166,9.77e-05,0.02181,0.0311736,3.5869835,GUARULHOS
726.0,GUATAPARA,595692087.0,528531067.0,7320.0,5784845.0,30748.2,0.0,0.001868,0.0,0.0,0.0001904,0.0310301,GUATAPARA
337.0,GUZOLANDIA,316277481.0,231844778.0,4246.0,2787735.0,25160.6,0.0006208,0.0,0.0,0.001635,0.0001289,0.0200135,GUZOLANDIA
338.0,HERCULANDIA,690141589.0,570536294.0,9125.0,2941886.0,31785.5,0.0,0.0,0.0,0.001475,0.000199,0.0343484,HERCULANDIA
747.0,HOLAMBRA,2233306297.0,1946366737.0,15094.0,30447648.0,4437.0,0.0,0.0127,2.52e-05,0.001624,0.0003559,0.0847711,HOLAMBRA
748.0,HORTOLANDIA,11772101097.0,10930556243.0,236641.0,419792015.0,368.1,0.0,0.0,0.0,0.003662,0.0059841,0.5024959,HORTOLANDIA
339.0,IACANGA,672518761.0,793372545.0,10437.0,7343240.0,42154.5,0.0061184,0.0,0.0,0.001566,0.0002858,0.0442417,IACANGA
340.0,IACRI,533169881.0,423761414.0,6131.0,3009365.0,26888.7,0.0,0.0,0.0,0.001486,5.15e-05,0.0262913,IACRI
727.0,IARAS,436396940.0,379295773.0,8010.0,20286900.0,26457.9,0.0,0.0,0.0,0.0,0.0002006,0.0255613,IARAS
341.0,IBATE,952797749.0,1297645207.0,32178.0,16035674.0,23709.2,0.0,0.0,0.0,0.001095,0.0008617,0.0595544,IBATE
342.0,IBIRA,280153041.0,282076519.0,11690.0,7354547.0,22418.16,0.0,0.0,0.0,0.001534,0.0002856,0.0217103,IBIRA
343.0,IBIRAREMA,561791531.0,381693151.0,6385.0,5154533.0,31037.3,0.0005991,0.0,0.0,0.001555,0.0001951,0.0288923,IBIRAREMA
344.0,IBITINGA,2638007068.0,2311516460.0,60033.0,32773243.0,48004.3,0.0075989,0.588393,0.003843,0.0,0.0015302,0.1336834,IBITINGA
345.0,IBIUNA,3096118035.0,2722593445.0,75605.0,69880925.0,30430.0,0.0040285,2.174119,0.0204703,0.002007,0.0020681,0.1861514,IBIUNA
346.0,ICEM,1151391483.0,817062982.0,7819.0,4655138.0,24138.1,0.0059166,0.0,0.0,0.0,0.0001867,0.0476133,ICEM
347.0,IEPE,406081645.0,306018188.0,7619.0,4460060.0,62414.8,0.013015,0.0,0.0,0.001592,0.0002083,0.0366105,IEPE
348.0,IGARACU DO TIETE,240076678.0,215924582.0,23106.0,9903570.0,6850.0,0.0008316,0.0,0.0,0.001192,0.0006459,0.0220669,IGARACU DO TIETE
349.0,IGARAPAVA,1361102776.0,1719333353.0,26212.0,15968772.0,34510.1,0.0044742,0.0,0.0,0.0,0.0005855,0.0743838,IGARAPAVA
350.0,IGARATA,181413723.0,167418007.0,10605.0,18231159.0,10813.6,0.0025576,0.0,0.0043913,0.0,0.0003016,0.0214544,IGARATA
351.0,IGUAPE,155520699.0,138875124.0,29115.0,15987669.0,16935.2,0.0,5.647048,0.0442884,0.002001,0.0007919,0.1238358,IGUAPE
767.0,ILHA COMPRIDA,83919458.0,75311653.0,13419.0,30592661.0,33.7,0.0,0.268437,0.0062472,0.0,0.0003526,0.0207013,ILHA COMPRIDA
749.0,ILHA SOLTEIRA,3109330583.0,3197484839.0,25549.0,12268221.0,40522.9,0.0278825,0.0,0.0,0.001733,0.000612,0.1452586,ILHA SOLTEIRA
352.0,ILHABELA,491301416.0,453494580.0,34934.0,94404097.0,254.9,0.0,2.805104,0.0,0.001903,0.00097,0.0653578,ILHABELA
353.0,INDAIATUBA,18074749117.0,17702428038.0,255748.0,593300912.0,12894.0,0.0,0.034567,0.0001706,0.00371,0.006702,0.7538116,INDAIATUBA
354.0,INDIANA,81828294.0,75053358.0,5090.0,1820698.0,10102.1,0.0,0.0,0.0,0.001491,0.0001487,0.0103439,INDIANA
355.0,INDIAPORA,487578819.0,269386056.0,4035.0,1581900.0,19761.1,0.0078144,0.0,0.0,0.001534,0.0001053,0.0259383,INDIAPORA
356.0,INUBIA PAULISTA,113947082.0,102333618.0,3615.0,1655558.0,6883.2,0.0,0.0,0.0,0.00148,0.0001067,0.0102912,INUBIA PAULISTA
357.0,IPAUSSU,336798820.0,885121101.0,13712.0,6079980.0,18582.7,0.0013131,0.0,0.0,0.001518,0.0003456,0.0343438,IPAUSSU
358.0,IPERO,1012555482.0,860399579.0,36459.0,44108255.0,6752.0,0.0,0.0,0.003015,0.0,0.0009243,0.0542415,IPERO
359.0,IPEUNA,426844259.0,364779890.0,6831.0,8134787.0,15070.4,0.0,0.207322,0.0017123,0.0,0.0001949,0.0263409,IPEUNA
784.0,IPIGUA,319921086.0,218987849.0,6761.0,3501896.0,11587.7,0.0,0.0,0.0,0.001402,0.000171,0.01767,IPIGUA
360.0,IPORANGA,16272423.0,14370908.0,4046.0,905775.0,5201.4,0.0,4.258486,0.0333493,0.001651,9.46e-05,0.0825642,IPORANGA
361.0,IPUA,466312380.0,525680383.0,14454.0,9767919.0,44839.5,0.0,0.0,0.0,0.001619,0.0003536,0.0342461,IPUA
362.0,IRACEMAPOLIS,990062776.0,1153145686.0,21967.0,29964221.0,8077.7,0.0,0.0,0.0,0.0,0.0005692,0.0511903,IRACEMAPOLIS
363.0,IRAPUA,536017865.0,338285437.0,6867.0,2699949.0,21034.4,0.0012451,0.0,0.0,0.0,0.0002201,0.0256855,IRAPUA
364.0,IRAPURU,111045720.0,100121193.0,7085.0,2308089.0,20345.7,0.0,0.0,0.0,0.00163,0.0002013,0.0138365,IRAPURU
365.0,ITABERA,1336733027.0,1083166225.0,17983.0,10216230.0,139798.0,0.0,0.013892,0.0,0.001512,0.0001518,0.0735688,ITABERA
366.0,ITAI,1739629949.0,1571658776.0,25180.0,28381514.0,102421.8,0.018574,0.0,0.0,0.001987,0.0006267,0.0990027,ITAI
367.0,ITAJOBI,1065268073.0,1014025075.0,16989.0,11165459.0,41212.49,0.0,0.0,0.0,0.00164,0.0004513,0.0541635,ITAJOBI
368.0,ITAJU,305278954.0,177021833.0,3618.0,2102107.0,15033.4,0.004289,0.0,0.0,0.0,0.0001011,0.0177218,ITAJU
369.0,ITANHAEM,1055095469.0,929425047.0,112476.0,169344908.0,3623.1,0.0,1.910908,0.0130511,0.003377,0.0030665,0.1193025,ITANHAEM
750.0,ITAOCA,30541968.0,29846217.0,3422.0,1413699.0,10599.1,0.0,0.0,0.0045006,0.001411,7.1e-05,0.0121934,ITAOCA
370.0,ITAPECERICA DA SERRA,3987665550.0,3426159004.0,158522.0,119177581.0,195.5,0.0001517,0.0,0.0037462,0.003674,0.0043191,0.2005788,ITAPECERICA DA SERRA
371.0,ITAPETININGA,7411202943.0,6703220429.0,157790.0,116579328.0,155224.72,0.0,0.0,0.0,0.003389,0.003451,0.331591,ITAPETININGA
372.0,ITAPEVA,3031694417.0,2791640012.0,89728.0,65949325.0,232144.01,0.0,0.006997,0.0,0.001987,0.0024222,0.1812774,ITAPEVA
373.0,ITAPEVI,14633123911.0,13427799493.0,232297.0,179895099.0,159.6,0.0,0.0,0.0014734,0.0,0.0067122,0.5953833,ITAPEVI
374.0,ITAPIRA,4759208859.0,4206494709.0,72022.0,71036366.0,36177.5,0.0,0.0,0.0,0.0,0.0016904,0.1931026,ITAPIRA
768.0,ITAPIRAPUA PAULISTA,95191506.0,94962319.0,4306.0,1413773.0,22453.5,0.0,0.0,0.0087707,0.001469,0.0001735,0.0220873,ITAPIRAPUA PAULISTA
375.0,ITAPOLIS,2273027710.0,2168750983.0,39493.0,29635711.0,86943.7,0.0,0.0,0.0,0.00202,0.0008654,0.1103884,ITAPOLIS
376.0,ITAPORANGA,244442183.0,213878964.0,14085.0,5010043.0,40285.1,0.0028933,0.201214,0.0015071,0.0,0.000403,0.0284927,ITAPORANGA
377.0,ITAPUI,1159602126.0,868646470.0,13659.0,9636830.0,9704.2,0.0020686,0.0,0.0,0.0,0.0003268,0.0463075,ITAPUI
378.0,ITAPURA,153363884.0,132942242.0,3979.0,1195719.0,24415.4,0.0082914,0.0,0.0,0.001348,0.000105,0.0185982,ITAPURA
379.0,ITAQUAQUECETUBA,8136083923.0,7249184967.0,369275.0,228826821.0,393.2,0.0,0.020609,0.0001295,0.00365,0.0105957,0.4231509,ITAQUAQUECETUBA
380.0,ITARARE,1085077966.0,1021449179.0,44438.0,23194499.0,90316.7,0.0,0.0,0.0,0.001922,0.0012034,0.0734006,ITARARE
381.0,ITARIRI,145597952.0,123294619.0,15528.0,7032306.0,3524.1,0.0,0.370271,0.0083186,0.001523,0.0004285,0.0270439,ITARIRI
382.0,ITATIBA,7982374883.0,7263923596.0,121590.0,204861484.0,16200.1,0.0,0.0,0.0,0.003365,0.002962,0.3247956,ITATIBA
383.0,ITATINGA,662465581.0,611096399.0,19070.0,19311679.0,73829.26,0.004942,0.49687,0.0055652,0.0,0.0005054,0.0587184,ITATINGA
384.0,ITIRAPINA,3647769490.0,3504714073.0,16148.0,22135216.0,39809.8,0.0,0.605933,0.0055194,0.001651,0.0003848,0.1551212,ITIRAPINA
385.0,ITIRAPUA,227656767.0,234257188.0,5779.0,2070750.0,12439.7,0.0,0.0,0.0,0.0,0.0001769,0.0157829,ITIRAPUA
386.0,ITOBI,248927448.0,181544590.0,8046.0,3799616.0,13279.7,0.0,0.0,0.0,0.0,6.84e-05,0.0141614,ITOBI
387.0,ITU,10575245750.0,10093700408.0,168240.0,348056802.0,35062.0,0.0,0.059398,0.0007263,0.003389,0.0042597,0.4484283,ITU
388.0,ITUPEVA,10443323774.0,8724985165.0,70616.0,176718421.0,7293.0,0.0,0.029647,0.0002362,0.001863,0.0017509,0.3753129,ITUPEVA
389.0,ITUVERAVA,1421726675.0,1383376339.0,37571.0,29587857.0,66374.1,0.0,0.0,0.0,0.0,0.000881,0.0769683,ITUVERAVA
390.0,JABORANDI,343019910.0,393036562.0,6221.0,4260486.0,23647.5,0.0,0.0,0.0,0.00155,0.0001647,0.0233279,JABORANDI
391.0,JABOTICABAL,3463129053.0,2970974896.0,71821.0,106218029.0,66589.3,0.0,0.0,0.0,0.00202,0.0015931,0.1547989,JABOTICABAL
392.0,JACAREI,13319956051.0,12535167931.0,240275.0,245453501.0,22510.8,0.0032836,0.0,0.0,0.003496,0.005615,0.5520145,JACAREI
393.0,JACI,786477009.0,782165493.0,7613.0,4965807.0,11421.36,0.0,0.0,0.0,0.0,0.0002042,0.0357296,JACI
394.0,JACUPIRANGA,277301034.0,320275064.0,16097.0,8288224.0,21045.3,0.0,0.78483,0.018713,0.001306,0.0004518,0.0506991,JACUPIRANGA
395.0,JAGUARIUNA,12656119404.0,9958926726.0,59347.0,127414793.0,6500.0,0.0,0.1512,0.0007176,0.002001,0.0014745,0.431995,JAGUARIUNA
396.0,JALES,1328007148.0,1252808337.0,48776.0,50976117.0,32481.0,0.0,0.0,0.0,0.001896,0.0011817,0.0728579,JALES
397.0,JAMBEIRO,407964776.0,466489904.0,6397.0,11539663.0,11157.7,0.0010841,0.0,0.0,0.001651,0.0001772,0.0246929,JAMBEIRO
398.0,JANDIRA,5805727910.0,3978575671.0,118045.0,114106219.0,0.0,0.0,0.0,0.0,0.003084,0.0025972,0.2161546,JANDIRA
399.0,JARDINOPOLIS,2185588045.0,1945665213.0,45282.0,40003618.0,40049.1,0.0,0.0,0.0,0.0,0.0010796,0.0988766,JARDINOPOLIS
400.0,JARINU,8974521849.0,7581689805.0,37535.0,76207375.0,6517.4,0.0,0.053773,0.0030724,0.001733,0.0010428,0.3184471,JARINU
401.0,JAU,3801483040.0,4042478154.0,133497.0,151044131.0,47774.7,0.0012226,0.0,0.0,0.0,0.0028978,0.1954439,JAU
402.0,JERIQUARA,272118197.0,242767070.0,3863.0,2938439.0,10994.7,0.0,0.0,0.0,0.0,0.0001476,0.0161008,JERIQUARA
403.0,JOANOPOLIS,192142717.0,142565627.0,12815.0,13933810.0,26299.6,0.0011803,0.386025,0.0057665,0.0,0.0003354,0.028675,JOANOPOLIS
404.0,JOAO RAMALHO,165624774.0,208203027.0,4371.0,945489.0,36557.8,0.0,0.0,0.0,0.001343,0.0001274,0.0183885,JOAO RAMALHO
405.0,JOSE BONIFACIO,1968367155.0,1722599186.0,36633.0,26403665.0,70622.8,0.0017539,0.0,0.0,0.0,0.000757,0.0925599,JOSE BONIFACIO
406.0,JULIO MESQUITA,59679689.0,63997303.0,4254.0,1542905.0,9499.9,0.0,0.0,0.0,0.001475,0.0001174,0.0092413,JULIO MESQUITA
788.0,JUMIRIM,305983190.0,263931364.0,3056.0,2464326.0,4377.4,0.0,0.183975,0.0004209,0.001544,7.95e-05,0.0181085,JUMIRIM
407.0,JUNDIAI,47741657700.0,44825572814.0,443221.0,1034113832.0,10414.8,0.0,0.42235,0.0071792,0.003662,0.0101932,1.8356367,JUNDIAI
408.0,JUNQUEIROPOLIS,874508567.0,867986471.0,20448.0,12866280.0,48010.8,0.0,0.131874,0.0,0.001395,0.0006264,0.0528266,JUNQUEIROPOLIS
409.0,JUQUIA,264088587.0,229605020.0,17154.0,7742081.0,12546.3,0.0004316,0.560172,0.0298987,0.001375,0.0004496,0.0565224,JUQUIA
410.0,JUQUITIBA,360147595.0,346886920.0,27404.0,16862397.0,1428.7,0.0008481,0.353961,0.0186574,0.00187,0.0007396,0.049654,JUQUITIBA
411.0,LAGOINHA,72976618.0,73742698.0,5083.0,1597651.0,19609.6,0.0,0.0,0.0,0.00163,0.0001609,0.012011,LAGOINHA
412.0,LARANJAL PAULISTA,1573730251.0,1422033285.0,26261.0,21982095.0,32603.3,0.0001801,0.0,0.0,0.001974,0.0006754,0.072514,LARANJAL PAULISTA
413.0,LAVINIA,259728887.0,263028127.0,9689.0,3935275.0,46533.7,0.0011392,0.0,0.0,0.001534,0.0001888,0.0243822,LAVINIA
414.0,LAVRINHAS,227830838.0,221203039.0,7171.0,4013099.0,6219.8,0.0,0.0,0.0025245,0.00138,0.0002209,0.018334,LAVRINHAS
415.0,LEME,3658892031.0,3379196462.0,98161.0,132060269.0,28945.4,0.0,0.0,0.0,0.001844,0.0026584,0.1735125,LEME
416.0,LENCOIS PAULISTA,6396286755.0,7489097981.0,66505.0,69741399.0,67448.2,0.0,0.0,0.0,0.001876,0.0015297,0.2852959,LENCOIS PAULISTA
417.0,LIMEIRA,16503920007.0,16288588058.0,291869.0,453559705.0,33620.1,0.0,0.0,0.0,0.003555,0.0068278,0.7002498,LIMEIRA
418.0,LINDOIA,250134476.0,281654662.0,7014.0,7509430.0,3079.6,0.0,0.0,0.0,0.0,0.0002337,0.0163624,LINDOIA
419.0,LINS,4269529403.0,4329427226.0,74779.0,52988695.0,43078.3,0.0024462,0.0,0.0,0.001889,0.0014247,0.186314,LINS
420.0,LORENA,2243235580.0,2104301530.0,84855.0,68810632.0,29170.6,0.0,0.0,0.0,0.001876,0.0020062,0.1150628,LORENA
769.0,LOURDES,80720757.0,61870903.0,1950.0,810918.0,8318.6,2.43e-05,0.0,0.0,0.001598,5.75e-05,0.0086353,LOURDES
421.0,LOUVEIRA,15057113192.0,14858068522.0,51847.0,81506583.0,1033.1,0.0,0.0,0.0,0.001994,0.0013893,0.5562321,LOUVEIRA
422.0,LUCELIA,487830878.0,576889692.0,20061.0,12354240.0,25621.3,0.0,0.0,0.0,0.001523,0.0004868,0.034025,LUCELIA
423.0,LUCIANOPOLIS,347969774.0,172284377.0,2372.0,636515.0,14029.7,0.0,0.0,0.0,0.001593,5.63e-05,0.0162258,LUCIANOPOLIS
424.0,LUIS ANTONIO,2059076532.0,2256261664.0,12265.0,14366382.0,31350.63,0.0,0.792423,0.0,0.0,0.000325,0.0978576,LUIS ANTONIO
425.0,LUIZIANIA,159777567.0,121530408.0,4701.0,1288617.0,14298.5,0.0,0.0,0.0,0.0014,0.0001507,0.0132079,LUIZIANIA
426.0,LUPERCIO,118918484.0,126855667.0,3981.0,3243372.0,11269.2,0.0,0.0,0.0,0.00164,0.0001265,0.0119722,LUPERCIO
427.0,LUTECIA,351152962.0,284691384.0,2661.0,1002200.0,39757.3,0.0,0.0,0.0,0.001592,7.33e-05,0.0229811,LUTECIA
428.0,MACATUBA,1258616141.0,1164432242.0,16829.0,5641128.0,17734.7,0.001748,0.0,0.0,0.001539,0.0004551,0.0568277,MACATUBA
429.0,MACAUBAL,252705426.0,214034515.0,7481.0,4347136.0,20859.1,0.0,0.0,0.0,0.00138,0.0001764,0.0181197,MACAUBAL
430.0,MACEDONIA,269190463.0,260402698.0,3963.0,4688779.0,27899.7,0.0008147,0.0,0.0,0.0,0.0001181,0.0194135,MACEDONIA
431.0,MAGDA,258256808.0,219963084.0,3165.0,1515799.0,23821.9,0.0,0.0,0.0,0.0,6.33e-05,0.0165683,MAGDA
432.0,MAIRINQUE,1714959874.0,1534070561.0,50027.0,38690885.0,8706.0,0.0005464,0.069113,0.0035796,0.0,0.0011533,0.0833292,MAIRINQUE
433.0,MAIRIPORA,1915946750.0,1773959704.0,93853.0,110110651.0,678.6,0.0009021,0.829787,0.0069622,0.001987,0.002257,0.1192313,MAIRIPORA
434.0,MANDURI,374422032.0,235336498.0,9871.0,6315177.0,19654.7,1.38e-05,0.0,0.0,0.0,0.0002164,0.0203418,MANDURI
435.0,MARABA PAULISTA,291179514.0,269965627.0,4573.0,2634341.0,77043.8,0.0,0.0,0.0,0.001411,0.0001175,0.0286521,MARABA PAULISTA
436.0,MARACAI,875940131.0,654980505.0,12673.0,7333800.0,68842.6,0.0056595,0.0,0.0,0.0,0.0002988,0.049042,MARACAI
751.0,MARAPOAMA,278189809.0,362225292.0,3292.0,2423686.0,10405.06,0.0,0.0,0.0,0.001534,8.34e-05,0.018236,MARAPOAMA
437.0,MARIAPOLIS,49105092.0,43072308.0,3513.0,1138491.0,17305.3,0.0,0.0,0.0,0.00163,9.25e-05,0.0097678,MARIAPOLIS
438.0,MARILIA,7862709226.0,7229715997.0,237627.0,321131319.0,82502.6,0.0,0.046413,0.0,0.0,0.0052545,0.3674042,MARILIA
439.0,MARINOPOLIS,58621682.0,52080927.0,1860.0,396155.0,7587.0,0.0003152,0.0,0.0,0.001332,5.21e-05,0.0078765,MARINOPOLIS
440.0,MARTINOPOLIS,835640586.0,873224896.0,24881.0,13845681.0,106653.8,0.0,0.0,0.0,0.0,0.0005869,0.0600041,MARTINOPOLIS
441.0,MATAO,5782923868.0,4608646206.0,79033.0,72436521.0,38571.0,0.0,0.0,0.0,0.001774,0.0016898,0.219645,MATAO
442.0,MAUA,23099806877.0,23442878365.0,418261.0,384604849.0,8.0,0.0,0.0,0.0,0.003617,0.0053878,0.9212793,MAUA
443.0,MENDONCA,516849834.0,824145013.0,6159.0,4556474.0,13248.0,0.0023186,0.0,0.0,0.00164,0.0002074,0.0341051,MENDONCA
444.0,MERIDIANO,621733935.0,643316690.0,4572.0,2788707.0,18222.8,0.0,0.0,0.0,0.0,0.000129,0.0304625,MERIDIANO
770.0,MESOPOLIS,90124734.0,97850419.0,1952.0,311886.0,12995.0,0.0018351,0.0,0.0,0.001651,5.65e-05,0.0111559,MESOPOLIS
445.0,MIGUELOPOLIS,943680383.0,992748325.0,19441.0,13615404.0,87738.6,0.016684,0.0,0.0,0.001226,0.0005331,0.0689642,MIGUELOPOLIS
446.0,MINEIROS DO TIETE,226803768.0,226650336.0,11230.0,5679065.0,16068.2,0.0021797,0.159597,0.0007966,0.001512,0.0002833,0.0220472,MINEIROS DO TIETE
447.0,MIRA ESTRELA,84089793.0,85653303.0,3126.0,1130781.0,12536.0,0.0100471,0.0,0.0,0.001539,7.71e-05,0.0151094,MIRA ESTRELA
448.0,MIRACATU,305577281.0,303297218.0,18553.0,15886270.0,8810.8,0.0006205,0.974013,0.0361193,0.0,0.0005293,0.0690381,MIRACATU
449.0,MIRANDOPOLIS,939281095.0,843966372.0,27983.0,12795237.0,75047.2,0.001072,0.0,0.0,0.001942,0.0006068,0.0575925,MIRANDOPOLIS
450.0,MIRANTE DO PARANAPANEMA,1162574740.0,1293767417.0,15917.0,7549656.0,102615.2,0.0020263,0.0,0.0,0.0,0.0003879,0.0707627,MIRANTE DO PARANAPANEMA
451.0,MIRASSOL,2464793312.0,2402759380.0,63337.0,79561562.0,17950.5,0.0,0.022597,0.0,0.001585,0.0015542,0.1170194,MIRASSOL
452.0,MIRASSOLANDIA,302899747.0,215957769.0,4669.0,1789397.0,12925.6,0.0,0.0,0.0,0.001518,0.0001182,0.0168547,MIRASSOLANDIA
453.0,MOCOCA,3318508344.0,3077992326.0,67681.0,66094292.0,64037.7,0.0002445,0.0,0.0,0.0,0.0012404,0.1468688,MOCOCA
454.0,MOGI DAS CRUZES,15483225876.0,14670806222.0,451505.0,653927626.0,17367.5,0.0050515,0.089972,0.0129752,0.003733,0.0118044,0.738764,MOGI DAS CRUZES
455.0,MOGI GUACU,7736400691.0,7504744452.0,153658.0,126564621.0,58011.8,0.0,0.116429,0.0,0.00202,0.0037912,0.3399286,MOGI GUACU
456.0,MOGI MIRIM,6637277264.0,6372743390.0,92558.0,152408865.0,35966.8,0.0,0.0,0.0,0.00371,0.0021137,0.2758156,MOGI MIRIM
457.0,MOMBUCA,129889131.0,99056723.0,3722.0,1781146.0,10021.9,0.0,0.0,0.0,0.001544,0.0001182,0.0112264,MOMBUCA
458.0,MONCOES,249780407.0,260016236.0,1937.0,3061372.0,8892.2,0.0,0.0,0.0,0.001587,6.75e-05,0.0154592,MONCOES
459.0,MONGAGUA,469173563.0,432936184.0,61951.0,113889191.0,140.1,0.0,0.691637,0.003471,0.001955,0.0015058,0.0548153,MONGAGUA
460.0,MONTE ALEGRE DO SUL,200976751.0,165572432.0,8627.0,8361705.0,6193.8,0.0,0.21833,0.0016164,0.0,0.0002034,0.017448,MONTE ALEGRE DO SUL
461.0,MONTE ALTO,2716807102.0,2609267063.0,47574.0,51123386.0,26069.3,0.0,0.000206,0.0,0.001994,0.0010901,0.1193734,MONTE ALTO
462.0,MONTE APRAZIVEL,959761998.0,940078111.0,22280.0,14637322.0,44834.96,0.0,0.0,0.0,0.001544,0.0006105,0.0537474,MONTE APRAZIVEL
463.0,MONTE AZUL PAULISTA,701917999.0,946417557.0,18151.0,15714159.0,21651.9,0.0,0.0,0.0,0.001523,0.0004664,0.0436166,MONTE AZUL PAULISTA
464.0,MONTE CASTELO,189955479.0,185019361.0,4222.0,1191291.0,14093.1,0.0,0.264344,0.0,0.0,0.0001146,0.0163435,MONTE CASTELO
465.0,MONTE MOR,4599169905.0,4111555536.0,64662.0,68932478.0,14973.1,0.0,0.0,0.0,0.001903,0.0019122,0.1883107,MONTE MOR
466.0,MONTEIRO LOBATO,34354104.0,30558591.0,4138.0,2844354.0,15249.5,0.0,0.0,0.0076341,0.001523,0.0001174,0.0168973,MONTEIRO LOBATO
467.0,MORRO AGUDO,1754178673.0,2353346049.0,27933.0,24344968.0,129764.6,0.0,0.0,0.0,0.001863,0.0007402,0.1100667,MORRO AGUDO
468.0,MORUNGABA,717687944.0,619916927.0,13720.0,6666514.0,8437.7,0.0,0.191639,0.0011618,0.001619,0.0003285,0.0366667,MORUNGABA
729.0,MOTUCA,228272460.0,206244309.0,4034.0,933554.0,15935.1,0.0,0.0,0.0,0.0,0.0001239,0.015163,MOTUCA
469.0,MURUTINGA DO SUL,275847594.0,196584042.0,3737.0,2133801.0,20644.0,0.0,0.0,0.0,0.001518,8.48e-05,0.0169572,MURUTINGA DO SUL
789.0,NANTES,188287423.0,174026242.0,2660.0,1067512.0,29717.5,0.0060306,0.0,0.0,0.0,7.94e-05,0.0187159,NANTES
470.0,NARANDIBA,735361063.0,1127816862.0,5713.0,6323976.0,29715.2,0.0028303,0.023062,0.0,0.001534,0.0001697,0.0462889,NARANDIBA
471.0,NATIVIDADE DA SERRA,62695264.0,57239326.0,6999.0,2127585.0,37908.7,0.015375,0.632133,0.0124961,0.0,0.0001962,0.0408654,NATIVIDADE DA SERRA
472.0,NAZARE PAULISTA,405231404.0,369404881.0,18217.0,22863932.0,10831.6,0.0038679,0.635719,0.0056041,0.001252,0.0004585,0.0401057,NAZARE PAULISTA
473.0,NEVES PAULISTA,413655588.0,343312283.0,9699.0,4578033.0,20815.81,0.0,0.0,0.0,0.0,0.0002777,0.0238329,NEVES PAULISTA
474.0,NHANDEARA,500584975.0,583113465.0,9852.0,7827525.0,35925.7,0.0,0.0,0.0,0.0,0.0002232,0.0317861,NHANDEARA
475.0,NIPOA,126148894.0,111099750.0,4750.0,1496143.0,11538.2,0.0,0.0,0.0,0.0,0.0001877,0.0117145,NIPOA
476.0,NOVA ALIANCA,330933786.0,335321688.0,6693.0,2280846.0,17231.5,0.0,0.0,0.0,0.001544,0.0001756,0.0210187,NOVA ALIANCA
771.0,NOVA CAMPINA,644238436.0,421195667.0,8497.0,3702869.0,23516.6,0.0,0.0,0.0072669,0.001389,0.000244,0.0371985,NOVA CAMPINA
752.0,NOVA CANAA PAULISTA,36234711.0,34082501.0,2032.0,762706.0,12542.0,0.0005783,0.0,0.0,0.001624,6.6e-05,0.0084796,NOVA CANAA PAULISTA
790.0,NOVA CASTILHO,129208336.0,98385558.0,1062.0,286631.0,16791.3,0.0,0.0,0.0,0.001608,3.73e-05,0.011306,NOVA CASTILHO
477.0,NOVA EUROPA,556656597.0,742305401.0,9311.0,5503269.0,13337.5,0.0,0.0,0.0,0.0,0.0002384,0.0318275,NOVA EUROPA
478.0,NOVA GRANADA,841466315.0,701103300.0,19419.0,10013665.0,49780.61,0.0,0.0,0.0,0.001295,0.0005092,0.0466078,NOVA GRANADA
479.0,NOVA GUATAPORANGA,22044611.0,23358683.0,2156.0,773088.0,2818.2,0.0,0.0,0.0,0.00155,6.8e-05,0.0060647,NOVA GUATAPORANGA
480.0,NOVA INDEPENDENCIA,951951772.0,606949070.0,4609.0,2278479.0,21574.9,0.0,0.223701,0.0,0.00138,0.0001261,0.038969,NOVA INDEPENDENCIA
481.0,NOVA LUZITANIA,54756004.0,94687575.0,2837.0,840000.0,6141.7,0.0,0.0,0.0,0.001651,9.2e-05,0.0088561,NOVA LUZITANIA
482.0,NOVA ODESSA,4324311453.0,3963910510.0,62019.0,98414629.0,2796.2,0.0001129,0.0,0.0,0.0,0.0014114,0.1730682,NOVA ODESSA
753.0,NOVAIS,119096101.0,110812788.0,4412.0,2019334.0,10251.5,0.0,0.0,0.0,0.001284,0.0001588,0.0116754,NOVAIS
483.0,NOVO HORIZONTE,2149738580.0,2116103286.0,38324.0,31359525.0,65579.16,0.0190155,0.0,0.0,0.001889,0.0009655,0.1143069,NOVO HORIZONTE
484.0,NUPORANGA,734201454.0,745057732.0,7391.0,5457600.0,35027.3,1.47e-05,0.0,0.0,0.00137,0.0001781,0.0386127,NUPORANGA
485.0,OCAUCU,177783657.0,216844398.0,4331.0,2654343.0,23285.9,0.0,0.0,0.0,0.0,0.0001339,0.015948,OCAUCU
486.0,OLEO,118371134.0,98452702.0,2512.0,761973.0,19783.0,0.0,0.0,0.0,0.001571,6.88e-05,0.0120476,OLEO
487.0,OLIMPIA,2691034820.0,2685884356.0,55074.0,98712584.0,70689.4,0.0,0.0,0.0,0.001903,0.0014668,0.1346843,OLIMPIA
488.0,ONDA VERDE,525995364.0,503854997.0,4771.0,5343022.0,21741.45,0.0,0.0,0.0,0.001295,0.0001442,0.0278213,ONDA VERDE
489.0,ORIENTE,289903508.0,122801624.0,6085.0,3660849.0,17989.4,0.0,0.0,0.0,0.0,0.0001596,0.0156598,ORIENTE
490.0,ORINDIUVA,509828645.0,867630781.0,6024.0,6180084.0,20769.7,0.0009521,0.0,0.0,0.001651,0.0001489,0.0347561,ORINDIUVA
491.0,ORLANDIA,2714207550.0,2305052577.0,38319.0,35781943.0,26050.2,0.0,0.0,0.0,0.001863,0.000885,0.1104057,ORLANDIA
492.0,OSASCO,22481802065.0,20799030910.0,728615.0,2557985793.0,0.0,0.0,0.017338,2.58e-05,0.0,0.0175796,1.1072156,OSASCO
493.0,OSCAR BRESSANE,115258886.0,108595719.0,2470.0,1719473.0,18515.8,0.0,0.0,0.0,0.00164,6.59e-05,0.0119992,OSCAR BRESSANE
494.0,OSVALDO CRUZ,798801003.0,590938912.0,31272.0,20098668.0,18958.6,0.0,0.0,0.0,0.001994,0.0006763,0.0416104,OSVALDO CRUZ
495.0,OURINHOS,3157223862.0,3278063383.0,103970.0,130686496.0,26620.9,0.0003635,0.0,0.0,0.003603,0.0024325,0.16101,OURINHOS
496.0,OURO VERDE,181404931.0,190077607.0,7779.0,1860032.0,22577.9,0.0017237,0.262362,0.0,0.001582,0.0002298,0.0208734,OURO VERDE
791.0,OUROESTE,1737994646.0,1871033962.0,10294.0,15050467.0,22667.2,0.0014289,0.0,0.0,0.0,0.0003141,0.0764482,OUROESTE
497.0,PACAEMBU,246250275.0,231406083.0,14877.0,5191186.0,30756.6,0.0,0.0,0.0,0.001496,0.0003414,0.0222693,PACAEMBU
498.0,PALESTINA,828029342.0,833839598.0,11476.0,8487665.0,59759.92,0.0,0.0,0.0,0.001402,0.0002868,0.0476462,PALESTINA
499.0,PALMARES PAULISTA,79322584.0,93327961.0,9650.0,1967903.0,6046.7,0.0,0.0,0.0,0.00164,0.0002661,0.011526,PALMARES PAULISTA
500.0,PALMEIRA D'OESTE,207775152.0,174202516.0,8903.0,3420344.0,28872.0,0.0007208,0.0,0.0,0.001587,0.0002149,0.0189168,PALMEIRA DOESTE
501.0,PALMITAL,1187938020.0,1007639176.0,19594.0,16288363.0,70449.3,0.0018186,0.0,0.0,0.001592,0.0005005,0.0629625,PALMITAL
502.0,PANORAMA,275038522.0,223746963.0,14964.0,9119560.0,26448.9,0.0084912,0.0,0.0,0.001219,0.0004929,0.0279816,PANORAMA
503.0,PARAGUACU PAULISTA,1594966145.0,1783902229.0,41120.0,32707018.0,107651.9,0.0,0.0,0.0,0.001961,0.0011339,0.0985843,PARAGUACU PAULISTA
504.0,PARAIBUNA,440934412.0,402895264.0,17667.0,27352075.0,35882.7,0.0163384,0.518741,0.0011055,0.001402,0.0004559,0.046439,PARAIBUNA
505.0,PARAISO,481871334.0,648059347.0,6099.0,4387743.0,13063.3,0.0,0.0,0.0,0.00164,0.0001474,0.0283813,PARAISO
506.0,PARANAPANEMA,1237570057.0,1129308107.0,19395.0,26939848.0,93885.55,0.0178608,0.050341,0.0,0.001331,0.0005516,0.0795284,PARANAPANEMA
508.0,PARANAPUA,163892313.0,142287798.0,4031.0,660896.0,12759.0,0.0,0.0,0.0,0.0,0.0001286,0.0123838,PARANAPUA
509.0,PARAPUA,668998305.0,558389932.0,10580.0,7858209.0,30122.7,0.0,0.0,0.0,0.001502,0.0002814,0.0347206,PARAPUA
507.0,PARDINHO,464869720.0,409172941.0,7153.0,18017695.0,17648.1,0.0,0.201969,0.0015436,0.001555,0.0001833,0.0290959,PARDINHO
510.0,PARIQUERA-ACU,372697421.0,277734691.0,19233.0,9523477.0,9214.6,0.0,0.307327,0.0094022,0.001582,0.0005092,0.0364044,PARIQUERA ACU
754.0,PARISI,100517547.0,103655130.0,2892.0,608248.0,7606.5,0.0,0.0,0.0,0.001651,7.68e-05,0.0098729,PARISI
511.0,PATROCINIO PAULISTA,1216452652.0,1334501287.0,14512.0,12677629.0,41585.7,0.0,0.0,0.0,0.0,0.0004135,0.0614023,PATROCINIO PAULISTA
512.0,PAULICEIA,272047056.0,331498314.0,7955.0,9666631.0,23988.7,0.015938,0.0,0.0,0.0014,0.0002496,0.0302231,PAULICEIA
513.0,PAULINIA,81638598768.0,83476657294.0,110537.0,422551779.0,3957.6,0.0001874,0.0,0.0,0.0,0.002729,2.987222,PAULINIA
792.0,PAULISTANIA,91491959.0,107496580.0,2090.0,3138234.0,21079.2,0.0,0.0,0.0,0.001592,5.83e-05,0.0119463,PAULISTANIA
514.0,PAULO DE FARIA,322924901.0,358659513.0,7400.0,6088356.0,58815.0,0.0110274,0.036688,0.0,0.001188,0.0001725,0.0343126,PAULO DE FARIA
515.0,PEDERNEIRAS,3209528887.0,4303612199.0,44827.0,33360843.0,58267.2,0.0026734,0.08113,0.0,0.001739,0.0010899,0.1654242,PEDERNEIRAS
516.0,PEDRA BELA,152099643.0,133126918.0,6557.0,1939618.0,12282.1,0.0,0.248617,0.0016903,0.001518,0.000146,0.0171869,PEDRA BELA
517.0,PEDRANOPOLIS,340936473.0,299341723.0,2787.0,1183662.0,21787.0,0.000717,0.0,0.0,0.001651,7.05e-05,0.020339,PEDRANOPOLIS
518.0,PEDREGULHO,878370480.0,739508311.0,15525.0,8339251.0,51214.5,0.0016125,0.156959,0.0,0.001624,0.0004489,0.0498487,PEDREGULHO
519.0,PEDREIRA,1953133375.0,1727647770.0,43112.0,49497995.0,5821.6,0.0001029,0.217723,0.0010697,0.001994,0.0011707,0.0907396,PEDREIRA
755.0,PEDRINHAS PAULISTA,216974105.0,205385000.0,2804.0,2052673.0,21163.6,0.0046109,0.0,0.0,0.001592,6.85e-05,0.0183093,PEDRINHAS PAULISTA
520.0,PEDRO DE TOLEDO,55718670.0,51935248.0,11281.0,4658223.0,3317.2,0.0,3.677466,0.0029062,0.0,0.0003123,0.0494621,PEDRO DE TOLEDO
521.0,PENAPOLIS,2098200190.0,1856785187.0,61679.0,51880968.0,55026.3,0.0060772,0.0,0.0,0.0,0.0014608,0.1068197,PENAPOLIS
522.0,PEREIRA BARRETO,870204559.0,1052568082.0,24095.0,13693321.0,65654.38,0.0407636,0.0,0.0,0.00163,0.000611,0.0782581,PEREIRA BARRETO
523.0,PEREIRAS,487838897.0,410105423.0,8737.0,4926997.0,19536.8,0.0,0.0,0.0,0.001603,0.0002305,0.0263389,PEREIRAS
524.0,PERUIBE,726185643.0,651324742.0,68352.0,126721939.0,1162.7,0.0,1.418941,0.006155,0.001889,0.0016924,0.0762654,PERUIBE
525.0,PIACATU,176229410.0,143469964.0,5519.0,2762832.0,19754.1,0.0,0.0,0.0,0.001576,0.0001577,0.0150848,PIACATU
526.0,PIEDADE,1420391247.0,1411331653.0,52970.0,26708731.0,23413.0,0.0002308,0.129783,0.0155432,0.0,0.0013819,0.0932419,PIEDADE
527.0,PILAR DO SUL,913550320.0,1009293896.0,27619.0,13322261.0,41570.0,0.0,0.0,0.0102832,0.00187,0.0006831,0.0650231,PILAR DO SUL
528.0,PINDAMONHANGABA,12482223031.0,10821557221.0,165428.0,184746591.0,38197.7,0.0,0.0,0.0105482,0.0,0.004574,0.4994675,PINDAMONHANGABA
529.0,PINDORAMA,653251318.0,540196642.0,14542.0,11947836.0,14328.5,0.0,0.026822,0.0,0.001284,0.0003702,0.0328851,PINDORAMA
531.0,PINHALZINHO,192429274.0,196544174.0,15224.0,10678181.0,8644.4,0.0,0.246772,0.0016567,0.001619,0.0004268,0.0223475,PINHALZINHO
532.0,PIQUEROBI,533657385.0,345057974.0,3264.0,1966873.0,42791.6,0.0,0.120291,0.0,0.001464,9.72e-05,0.0292413,PIQUEROBI
533.0,PIQUETE,88182968.0,119253374.0,12490.0,3881481.0,6986.5,0.0,0.074106,0.0036016,0.0,0.0003097,0.0165038,PIQUETE
534.0,PIRACAIA,499126885.0,494561775.0,26029.0,34702420.0,23268.6,0.0043569,0.393423,0.0053774,0.001863,0.0007012,0.047643,PIRACAIA
535.0,PIRACICABA,30059492036.0,30887070844.0,423323.0,683870899.0,96567.6,0.0038288,0.126292,0.0014285,0.003401,0.009447,1.259781,PIRACICABA
537.0,PIRAJU,926791532.0,852740710.0,29436.0,25376682.0,44389.4,0.0075962,0.066487,0.0006932,0.001831,0.0007898,0.0595851,PIRAJU
538.0,PIRAJUI,741822285.0,686031950.0,22431.0,11352188.0,65763.8,0.0032435,0.215918,0.0013446,0.0,0.000476,0.0515669,PIRAJUI
539.0,PIRANGI,426285701.0,455359929.0,10885.0,5978656.0,17840.0,0.0,0.0,0.0,0.00156,0.0003403,0.0271922,PIRANGI
540.0,PIRAPORA DO BOM JESUS,776850007.0,529250848.0,18370.0,11285642.0,2061.8,0.0010386,0.0,0.0020827,0.0,0.000451,0.0354325,PIRAPORA DO BOM JESUS
541.0,PIRAPOZINHO,947501227.0,915718208.0,25348.0,13938246.0,40698.6,0.005261,0.0,0.0,0.001889,0.0006439,0.0556229,PIRAPOZINHO
536.0,PIRASSUNUNGA,3805353971.0,3823583852.0,73545.0,69998544.0,49927.6,0.0,6e-05,0.0,0.001707,0.0015839,0.1715646,PIRASSUNUNGA
542.0,PIRATININGA,230320003.0,269273534.0,15108.0,20734862.0,27174.1,0.0,0.229967,0.0023555,0.001592,0.0003225,0.0272105,PIRATININGA
543.0,PITANGUEIRAS,2351261981.0,2176969319.0,33674.0,23244669.0,37509.0,0.0,0.0,0.0,0.0,0.0009365,0.1028138,PITANGUEIRAS
544.0,PLANALTO,626765482.0,917528932.0,4389.0,3116550.0,23840.7,0.0001458,0.0,0.0,0.001146,0.0001214,0.0370631,PLANALTO
545.0,PLATINA,326697939.0,294644382.0,3025.0,2660987.0,35632.6,0.0,0.0,0.0,0.001592,9.77e-05,0.0223996,PLATINA
546.0,POA,2450489168.0,2122366146.0,103765.0,90726979.0,29.7,0.0,0.006478,1.31e-05,0.00365,0.0028466,0.1263721,POA
547.0,POLONI,257199586.0,207668868.0,5592.0,2787187.0,12174.07,0.0,0.0,0.0,0.001544,4.74e-05,0.0150102,POLONI
548.0,POMPEIA,2692601484.0,1955326853.0,20196.0,16549937.0,65118.3,0.0,0.0,0.0,0.001592,0.0005002,0.1044262,POMPEIA
549.0,PONGAI,193734332.0,174367205.0,3395.0,5421863.0,15856.8,0.0017688,0.0,0.0,0.00164,8.35e-05,0.0153696,PONGAI
550.0,PONTAL,1740897475.0,2155805700.0,37607.0,17638490.0,29473.4,0.0,0.0,0.0,0.0,0.0008886,0.0897491,PONTAL
756.0,PONTALINDA,122995099.0,113202238.0,4127.0,1011682.0,19326.0,0.0,0.0,0.0,0.001651,0.0001236,0.0130614,PONTALINDA
551.0,PONTES GESTAL,302251716.0,331634180.0,2387.0,2732158.0,17325.0,0.0013507,0.0,0.0,0.001651,6.51e-05,0.0197963,PONTES GESTAL
552.0,POPULINA,191616939.0,195416789.0,4127.0,1864655.0,25562.6,0.0036072,0.0,0.0,0.0,0.0001086,0.0176522,POPULINA
553.0,PORANGABA,171846811.0,141826144.0,10451.0,10251138.0,20605.2,0.0,0.0,0.0,0.0,0.000256,0.0159486,PORANGABA
554.0,PORTO FELIZ,5063423271.0,5153179436.0,56497.0,166326998.0,46960.0,0.0,0.0,0.0,0.002001,0.00144,0.2191473,PORTO FELIZ
555.0,PORTO FERREIRA,3064465322.0,2898509476.0,52649.0,50373057.0,17958.3,0.0,0.067401,0.0,0.001487,0.0012094,0.1311823,PORTO FERREIRA
757.0,POTIM,170191490.0,159121579.0,20392.0,4700223.0,3662.1,0.0,0.0,0.0,0.0,0.0005383,0.0166889,POTIM
556.0,POTIRENDABA,980657976.0,1154991647.0,18496.0,9543550.0,28835.53,8.01e-05,0.0,0.0,0.001544,0.000462,0.0532113,POTIRENDABA
778.0,PRACINHA,34043667.0,20503126.0,2578.0,493702.0,5312.9,0.0,0.0,0.0,0.00163,4.46e-05,0.0064073,PRACINHA
557.0,PRADOPOLIS,1411533222.0,2308616257.0,17078.0,10834178.0,11209.2,0.0,0.0,0.0,0.001624,0.0004717,0.0787303,PRADOPOLIS
558.0,PRAIA GRANDE,4080115349.0,3759080322.0,349935.0,928645688.0,4.0,0.0,0.763064,0.0023381,0.003603,0.0088697,0.3078536,PRAIA GRANDE
779.0,PRATANIA,221021374.0,178295924.0,5126.0,2347001.0,14719.0,0.0,0.0,0.0,0.0,0.0001273,0.014446,PRATANIA
559.0,PRESIDENTE ALVES,115787781.0,114170481.0,3804.0,2146075.0,24560.2,0.0,0.226589,0.0019596,0.001555,3.18e-05,0.016973,PRESIDENTE ALVES
560.0,PRESIDENTE BERNARDES,897957337.0,638526081.0,14490.0,10375727.0,61598.2,0.0,0.0,0.0,0.0,0.0002963,0.0451877,PRESIDENTE BERNARDES
561.0,PRESIDENTE EPITACIO,1145453825.0,884586357.0,39505.0,20945928.0,89977.9,0.045038,0.0,0.0,0.001935,0.0008008,0.0893888,PRESIDENTE EPITACIO
562.0,PRESIDENTE PRUDENTE,7355747926.0,6254148140.0,225668.0,263514281.0,42154.3,0.0,0.0,0.0,0.003555,0.0052017,0.3318983,PRESIDENTE PRUDENTE
563.0,PRESIDENTE VENCESLAU,661643327.0,593993827.0,35201.0,21557803.0,65090.2,0.0024407,0.134099,0.0,0.001935,0.0008095,0.0515201,PRESIDENTE VENCESLAU
564.0,PROMISSAO,1681298561.0,1648790823.0,35131.0,22760085.0,61968.8,0.0085186,0.0,0.0,0.0,0.0007717,0.0881261,PROMISSAO
780.0,QUADRA,146496118.0,116554969.0,3405.0,5462866.0,17240.9,0.0,0.0,0.0,0.0,0.000107,0.0123195,QUADRA
565.0,QUATA,902875159.0,876825933.0,13163.0,8141834.0,56633.7,0.0,0.0,0.0,0.001592,0.0003239,0.0497477,QUATA
566.0,QUEIROZ,793351038.0,906320830.0,3265.0,2116491.0,16359.2,0.0,0.0,0.0,0.0,0.0001018,0.037506,QUEIROZ
567.0,QUELUZ,190961529.0,214635182.0,9159.0,6350928.0,11026.3,0.0007798,0.013234,0.0039911,0.0,0.0002593,0.0203088,QUELUZ
568.0,QUINTANA,337269901.0,324073791.0,7038.0,2311604.0,28272.5,0.0,0.0,0.0,0.001566,0.000187,0.0229832,QUINTANA
569.0,RAFARD,643387683.0,730765613.0,8965.0,7016361.0,9654.6,0.0,0.0,0.0,0.0,0.0002851,0.0331027,RAFARD
570.0,RANCHARIA,2371510346.0,1872355769.0,28588.0,18036815.0,144730.9,0.0010304,0.0,0.0,0.001961,0.0007205,0.1146715,RANCHARIA
571.0,REDENCAO DA SERRA,43002275.0,76241994.0,4494.0,1277890.0,15969.3,0.0028108,0.0,0.0,0.0,0.00012,0.0109828,REDENCAO DA SERRA
572.0,REGENTE FEIJO,954499418.0,921080941.0,20145.0,21275990.0,23416.31,0.0,0.0,0.0,0.001571,0.0004945,0.0484783,REGENTE FEIJO
573.0,REGINOPOLIS,358512414.0,306008813.0,7662.0,3681141.0,33303.6,0.0044828,0.314825,0.0023402,0.001528,0.0002043,0.0318809,REGINOPOLIS
574.0,REGISTRO,1734102583.0,1708471412.0,59947.0,57193235.0,23008.7,0.0,0.0,0.0187536,0.00187,0.0014812,0.1093872,REGISTRO
575.0,RESTINGA,439816670.0,332407523.0,6404.0,3711145.0,18953.1,0.0,0.0,0.0,0.001518,0.0001924,0.0233912,RESTINGA
576.0,RIBEIRA,39874145.0,24008187.0,3132.0,840903.0,17260.7,0.0,0.0,0.0094401,0.001475,0.0001111,0.0188185,RIBEIRA
577.0,RIBEIRAO BONITO,264549628.0,309696192.0,10989.0,5955481.0,32848.0,0.0,0.0,0.0,0.001183,0.0002869,0.0235033,RIBEIRAO BONITO
578.0,RIBEIRAO BRANCO,321422724.0,333784437.0,18627.0,3814099.0,45081.3,0.0,0.0,0.0143074,0.0,0.000597,0.0445509,RIBEIRAO BRANCO
579.0,RIBEIRAO CORRENTE,447894491.0,406229060.0,4608.0,2731977.0,12286.8,0.0,0.0,0.0,0.001332,0.0001522,0.0230657,RIBEIRAO CORRENTE
580.0,RIBEIRAO DO SUL,273368749.0,229728055.0,4677.0,1916268.0,26421.5,0.0,0.0,0.0,0.001582,0.0001194,0.0189708,RIBEIRAO DO SUL
793.0,RIBEIRAO DOS INDIOS,117758934.0,99584773.0,2025.0,553106.0,17167.3,0.0,0.0,0.0,0.001502,4.19e-05,0.0112296,RIBEIRAO DOS INDIOS
758.0,RIBEIRAO GRANDE,51181314.0,38603942.0,7450.0,2040077.0,8713.8,0.0,0.412347,0.0084376,0.001635,0.0002381,0.0226802,RIBEIRAO GRANDE
581.0,RIBEIRAO PIRES,3570823737.0,3801563661.0,115559.0,133915610.0,175.5,0.0012612,0.0,0.0022662,0.003615,0.0022872,0.1745015,RIBEIRAO PIRES
582.0,RIBEIRAO PRETO,32172846133.0,30881878173.0,698642.0,1444381422.0,41723.24,0.0,0.013267,1.3e-06,0.021951,0.0123613,1.3653449,RIBEIRAO PRETO
584.0,RIFAINA,661102701.0,683036103.0,4049.0,12222988.0,8351.8,0.0044767,0.0,0.002574,0.0,0.0001145,0.0351951,RIFAINA
585.0,RINCAO,328581787.0,355606526.0,9098.0,4807143.0,26987.0,0.0,0.0,0.0,0.0,0.0002597,0.0234266,RINCAO
586.0,RINOPOLIS,533262573.0,408332585.0,9259.0,4419788.0,31079.1,0.0,0.0,0.0,0.001651,7.76e-05,0.0272612,RINOPOLIS
587.0,RIO CLARO,13321706189.0,12070388596.0,201418.0,258249543.0,32859.2,0.0,0.321296,0.0025173,0.003187,0.0044842,0.5354221,RIO CLARO
588.0,RIO DAS PEDRAS,1864036264.0,1778941550.0,31328.0,29621069.0,16713.8,0.0,0.0,0.0,0.0,0.0007119,0.0810885,RIO DAS PEDRAS
589.0,RIO GRANDE DA SERRA,351360196.0,312230627.0,44170.0,14341577.0,16.0,0.0003086,0.0,0.0011332,0.0,0.0006717,0.0258153,RIO GRANDE DA SERRA
590.0,RIOLANDIA,776711839.0,679362609.0,10309.0,3557199.0,44718.0,0.0115238,0.0,0.0,0.001402,0.0002469,0.0464058,RIOLANDIA
583.0,RIVERSUL,279361172.0,192462846.0,5599.0,2468214.0,33071.5,0.0,0.0,0.0,0.001624,0.0001588,0.0200815,RIVERSUL
730.0,ROSANA,2278283945.0,2485632682.0,17440.0,10681931.0,51520.2,0.0112267,0.0,0.0,0.001443,0.0004333,0.1089641,ROSANA
591.0,ROSEIRA,300929457.0,275549559.0,10832.0,6599665.0,7954.7,0.0,0.0,0.0,0.0,0.0003452,0.0193562,ROSEIRA
592.0,RUBIACEA,156567131.0,136995008.0,2700.0,1630440.0,20250.3,0.0,0.0,0.0,0.001598,9.26e-05,0.0138301,RUBIACEA
593.0,RUBINEIA,123872369.0,123989549.0,3833.0,4099282.0,12546.0,0.0149662,0.0,0.0,0.00129,0.0001066,0.0193286,RUBINEIA
594.0,SABINO,140206091.0,138253844.0,5112.0,2414757.0,17200.2,0.0122469,0.0,0.0,0.00164,0.0001193,0.0195967,SABINO
595.0,SAGRES,80442033.0,54100585.0,2474.0,487486.0,12559.2,0.0,0.0,0.0,0.001603,6.81e-05,0.0093354,SAGRES
596.0,SALES,538910633.0,436927017.0,6437.0,6000648.0,18018.98,0.0098641,0.0,0.0,0.00164,0.0001849,0.0318464,SALES
597.0,SALES OLIVEIRA,555828129.0,503907985.0,11411.0,13275772.0,26909.2,0.0,0.0,0.0,0.0,0.0002594,0.030453,SALES OLIVEIRA
598.0,SALESOPOLIS,269244599.0,205534383.0,15202.0,4419714.0,14360.7,0.0049065,1.011307,0.0038968,0.001651,0.0003997,0.0365871,SALESOPOLIS
599.0,SALMOURAO,133787829.0,120859100.0,4808.0,1095089.0,14035.4,0.0,0.0,0.0,0.001432,0.0001273,0.0124296,SALMOURAO
759.0,SALTINHO,744950229.0,603227670.0,8161.0,9776847.0,6653.0,0.0,0.0,0.0,0.001544,0.000223,0.0321544,SALTINHO
600.0,SALTO,8522231028.0,7931866197.0,134319.0,176228559.0,6480.0,2.73e-05,0.01824,8.97e-05,0.003437,0.0029825,0.3442315,SALTO
602.0,SALTO DE PIRAPORA,2783506388.0,2567384452.0,43748.0,41339217.0,17362.0,0.0,0.0,0.0,0.001824,0.0010876,0.1176455,SALTO DE PIRAPORA
601.0,SALTO GRANDE,320809961.0,342074167.0,9050.0,6795435.0,24423.1,0.0011518,0.0,0.0,0.001592,0.0002721,0.0242091,SALTO GRANDE
603.0,SANDOVALINA,1310863165.0,1068513030.0,3645.0,4885303.0,34355.3,0.0041237,0.0,0.0,0.001534,0.0001143,0.0556203,SANDOVALINA
604.0,SANTA ADELIA,401180873.0,485259321.0,14018.0,10881743.0,27992.1,0.0,0.0,0.0,0.00164,0.0003931,0.0300035,SANTA ADELIA
605.0,SANTA ALBERTINA,546152236.0,494581795.0,6393.0,2627626.0,22670.0,0.0061942,0.0,0.0,0.001635,0.0001538,0.0314646,SANTA ALBERTINA
606.0,SANTA BARBARA D'OESTE,6505642714.0,6086500175.0,183347.0,205863985.0,19974.2,0.0,0.0,0.0,0.003733,0.0041438,0.2942851,SANTA BARBARA DOESTE
608.0,SANTA BRANCA,224241573.0,153796434.0,13975.0,10959289.0,16501.8,0.0012217,0.0,0.0,0.001402,0.0003425,0.0188258,SANTA BRANCA
609.0,SANTA CLARA D'OESTE,344319032.0,203478845.0,2598.0,1956973.0,14525.0,0.006198,0.0,0.0,0.0,6.78e-05,0.0193166,SANTA CLARA DOESTE
610.0,SANTA CRUZ DA CONCEICAO,197165671.0,187701314.0,4277.0,7027195.0,11728.4,0.0,0.0,0.0,0.001512,0.0001101,0.0144193,SANTA CRUZ DA CONCEICAO
781.0,SANTA CRUZ DA ESPERANCA,107402992.0,106035989.0,2116.0,674658.0,9278.8,0.0,0.0,0.0,0.0,7.24e-05,0.0094306,SANTA CRUZ DA ESPERANCA
611.0,SANTA CRUZ DAS PALMEIRAS,856770149.0,810259430.0,28864.0,16935553.0,22358.8,0.0,0.0,0.0,0.001889,0.0007737,0.0481108,SANTA CRUZ DAS PALMEIRAS
612.0,SANTA CRUZ DO RIO PARDO,3584443773.0,3120964045.0,46442.0,48235292.0,118392.7,0.0,0.0,0.0,0.0,0.0010389,0.1578371,SANTA CRUZ DO RIO PARDO
613.0,SANTA ERNESTINA,110560476.0,99371704.0,6118.0,2477509.0,9628.0,0.0,0.0,0.0,0.0,0.0001435,0.0104448,SANTA ERNESTINA
614.0,SANTA FE DO SUL,1276179417.0,1137630171.0,34794.0,37050296.0,17623.0,0.0054341,0.0,0.0,0.001896,0.0008604,0.0652592,SANTA FE DO SUL
615.0,SANTA GERTRUDES,3503626384.0,3499876867.0,23611.0,31020293.0,7510.2,0.0,0.000515,0.0,0.0,0.0006042,0.1377539,SANTA GERTRUDES
616.0,SANTA ISABEL,1613635392.0,1558552143.0,53174.0,45897455.0,10484.2,0.0008726,0.623798,0.0,0.00185,0.001388,0.0885764,SANTA ISABEL
617.0,SANTA LUCIA,180029132.0,140814496.0,7149.0,2285920.0,11746.0,0.0,0.0,0.0,0.001588,0.0002054,0.0143173,SANTA LUCIA
618.0,SANTA MARIA DA SERRA,162645100.0,176647711.0,5243.0,5712887.0,16920.1,0.0047807,0.308811,0.0021383,0.001544,0.0002272,0.0235186,SANTA MARIA DA SERRA
619.0,SANTA MERCEDES,101125945.0,106582477.0,2956.0,1512853.0,15948.8,2.3e-06,0.0,0.0,0.001566,9.32e-05,0.0115694,SANTA MERCEDES
621.0,SANTA RITA DO PASSA QUATRO,1015009031.0,953136671.0,24833.0,26083646.0,60341.6,0.0,0.151434,0.0,0.00164,0.0005802,0.0593589,SANTA RITA DO PASSA QUATRO
620.0,SANTA RITA D'OESTE,92126906.0,110383370.0,2733.0,1934255.0,20350.0,0.0017245,0.0,0.0,0.0,8.02e-05,0.012176,SANTA RITA DOESTE
622.0,SANTA ROSA DE VITERBO,967502676.0,1166641198.0,23411.0,18887103.0,18406.1,0.0,0.0,0.0,0.001608,0.0005424,0.0528653,SANTA ROSA DE VITERBO
782.0,SANTA SALETE,64159327.0,48240912.0,1645.0,1904370.0,7353.0,0.0,0.0,0.0,0.001651,1.41e-05,0.0074679,SANTA SALETE
624.0,SANTANA DA PONTE PENSA,55602430.0,60392325.0,1670.0,671988.0,12822.0,0.0001058,0.0,0.0,0.0,1.41e-05,0.0076581,SANTANA DA PONTE PENSA
623.0,SANTANA DE PARNAIBA,9565834064.0,9104063744.0,154105.0,885986663.0,1195.9,0.001563,0.009291,0.0036182,0.003638,0.0042036,0.4324567,SANTANA DE PARNAIBA
625.0,SANTO ANASTACIO,636380457.0,428253235.0,17963.0,13288825.0,45963.8,0.0,0.0,0.0,0.001571,0.0003946,0.0363127,SANTO ANASTACIO
626.0,SANTO ANDRE,20522394030.0,21455339889.0,748919.0,1428349671.0,161.0,0.0015023,0.078336,0.0036953,0.020466,0.0151381,1.0233277,SANTO ANDRE
627.0,SANTO ANTONIO DA ALEGRIA,281857636.0,229068603.0,6775.0,5640996.0,21634.7,0.0,0.0,0.0,0.001555,0.000176,0.0191533,SANTO ANTONIO DA ALEGRIA
630.0,SANTO ANTONIO DE POSSE,2093326936.0,1653819937.0,23244.0,23764184.0,9962.9,0.0,0.059777,0.0003089,0.001624,0.0006423,0.082074,SANTO ANTONIO DE POSSE
760.0,SANTO ANTONIO DO ARACANGUA,697931428.0,549496771.0,8379.0,5974074.0,105091.44,0.027739,0.0,0.0,0.0,0.0002426,0.0604995,SANTO ANTONIO DO ARACANGUA
628.0,SANTO ANTONIO DO JARDIM,249630724.0,233867499.0,6126.0,3230542.0,7798.4,0.0,0.0,0.0,0.00164,0.0001792,0.0162617,SANTO ANTONIO DO JARDIM
629.0,SANTO ANTONIO DO PINHAL,76434355.0,67979157.0,7133.0,8382213.0,4869.3,0.0,0.234611,0.0032415,0.001523,0.0001991,0.0157555,SANTO ANTONIO DO PINHAL
631.0,SANTO EXPEDITO,30180471.0,33423924.0,3000.0,334134.0,9169.1,0.0,0.0,0.0,0.001534,7.87e-05,0.0076035,SANTO EXPEDITO
632.0,SANTOPOLIS DO AGUAPEI,83681485.0,66668264.0,3899.0,1427418.0,10758.3,0.0,0.0,0.0,0.0,0.000126,0.0092751,SANTOPOLIS DO AGUAPEI
633.0,SANTOS,34149486090.0,33065367069.0,418608.0,2350188890.0,446.8,0.0,1.208423,0.0042995,0.003591,0.0084493,1.4246973,SANTOS
634.0,SAO BENTO DO SAPUCAI,158113912.0,144737337.0,11674.0,9654894.0,11501.7,0.0,0.46299,0.0047485,0.00163,0.0002962,0.024873,SAO BENTO DO SAPUCAI
635.0,SAO BERNARDO DO CAMPO,59177941403.0,62063944186.0,810729.0,1723323500.0,42.9,0.0133556,1.134825,0.0043513,0.021597,0.019678,2.516536,SAO BERNARDO DO CAMPO
636.0,SAO CAETANO DO SUL,20199660779.0,24071644703.0,165655.0,697478065.0,0.0,0.0,0.0,0.0,0.0,0.0035332,0.8661114,SAO CAETANO DO SUL
637.0,SAO CARLOS,11239896663.0,10629121750.0,254857.0,456986601.0,81214.7,0.0,0.103668,0.0016642,0.0,0.005089,0.4938638,SAO CARLOS
638.0,SAO FRANCISCO,84795168.0,79265641.0,2602.0,490076.0,7432.0,0.0,0.0,0.0,0.001608,2.18e-05,0.0084343,SAO FRANCISCO
639.0,SAO JOAO DA BOA VISTA,3748241182.0,3467626187.0,92547.0,107170070.0,42304.6,0.0,0.0,0.0,0.00202,0.0021234,0.1714444,SAO JOAO DA BOA VISTA
640.0,SAO JOAO DAS DUAS PONTES,60372043.0,63176701.0,2580.0,979031.0,11328.7,0.0,0.0,0.0,0.0,7.11e-05,0.0081986,SAO JOAO DAS DUAS PONTES
761.0,SAO JOAO DE IRACEMA,73404118.0,67208733.0,1846.0,579124.0,14100.4,0.0,0.0,0.0,0.0,4.01e-05,0.0085695,SAO JOAO DE IRACEMA
641.0,SAO JOAO DO PAU D'ALHO,86465828.0,84076024.0,2242.0,632274.0,9621.7,0.0,0.003527,0.0,0.001416,6.19e-05,0.0093463,SAO JOAO DO PAU DALHO
642.0,SAO JOAQUIM DA BARRA,2576577096.0,3018069725.0,48558.0,43130674.0,35180.9,0.0,0.0,0.0,0.0,0.0010018,0.1235619,SAO JOAQUIM DA BARRA
644.0,SAO JOSE DA BELA VISTA,266297591.0,241003324.0,7626.0,1938944.0,22479.0,1.92e-05,0.0,0.0,0.001017,0.000219,0.0193635,SAO JOSE DA BELA VISTA
643.0,SAO JOSE DO BARREIRO,39948893.0,36872388.0,3853.0,1853267.0,16185.8,0.0003619,0.000537,0.0162057,0.00138,0.0001043,0.0257505,SAO JOSE DO BARREIRO
646.0,SAO JOSE DO RIO PARDO,2560870917.0,1815618564.0,52205.0,44362193.0,34013.7,0.0005313,0.0,0.0,0.00202,0.0011442,0.1043663,SAO JOSE DO RIO PARDO
647.0,SAO JOSE DO RIO PRETO,14837971854.0,14203093177.0,480393.0,889022946.0,20467.7,0.0,0.007331,0.0,0.003733,0.0110043,0.7044085,SAO JOSE DO RIO PRETO
645.0,SAO JOSE DOS CAMPOS,51499187327.0,55936189850.0,697054.0,1235399364.0,48111.1,0.002387,0.116381,0.0033276,0.02089,0.0167095,2.2044364,SAO JOSE DOS CAMPOS
772.0,SAO LOURENCO DA SERRA,120355830.0,115767861.0,16067.0,10286108.0,541.7,0.0,0.0,0.006859,0.001624,0.0004666,0.0214529,SAO LOURENCO DA SERRA
648.0,SAO LUIZ DO PARAITINGA,181529067.0,150658456.0,10337.0,5023368.0,33870.3,0.0,0.652603,0.0,0.0,0.0002774,0.0251188,SAO LUIZ DO PARAITINGA
649.0,SAO MANUEL,1425925190.0,1397922537.0,37289.0,29700433.0,48120.9,0.008097,0.029375,0.0003586,0.001903,0.0009236,0.0803223,SAO MANUEL
650.0,SAO MIGUEL ARCANJO,931986311.0,921481387.0,32039.0,12525532.0,79371.3,0.0,0.49092,0.0,0.001942,0.0008726,0.0672619,SAO MIGUEL ARCANJO
100.0,SAO PAULO,355021941155.0,326739806634.0,11451999.0,62192410332.0,2157.6,0.010963,0.820528,0.0076379,0.020536,0.2253913,17.7414299,SAO PAULO
651.0,SAO PEDRO,821057974.0,725711890.0,38256.0,43452732.0,37667.3,0.0039785,0.389234,0.0048078,0.001467,0.0009265,0.062252,SAO PEDRO
652.0,SAO PEDRO DO TURVO,644280071.0,532160976.0,7217.0,4525763.0,72744.3,0.0,0.0,0.0,0.001587,0.0002172,0.0402134,SAO PEDRO DO TURVO
653.0,SAO ROQUE,3189340619.0,2831954814.0,79484.0,149148795.0,4220.0,0.0,0.121227,0.006684,0.002007,0.001705,0.1480284,SAO ROQUE
654.0,SAO SEBASTIAO,1546015762.0,1477299001.0,81595.0,408431753.0,1003.3,0.0,2.489979,0.0,0.0,0.002357,0.1293747,SAO SEBASTIAO
655.0,SAO SEBASTIAO DA GRAMA,368740541.0,328370971.0,10441.0,5565325.0,21238.55,0.0,0.0,0.0,0.001432,0.0002506,0.0233064,SAO SEBASTIAO DA GRAMA
656.0,SAO SIMAO,776770076.0,660162734.0,13442.0,20659098.0,42663.2,0.0,0.114032,0.0,0.001624,0.0003014,0.0426495,SAO SIMAO
657.0,SAO VICENTE,3191540689.0,2699149833.0,329911.0,432403929.0,49.9,0.0,1.012797,0.0,0.003354,0.0078753,0.2396417,SAO VICENTE
658.0,SARAPUI,379626643.0,334837207.0,10369.0,5531273.0,26098.3,0.0,0.0,0.0,0.0,0.0002555,0.0237893,SARAPUI
659.0,SARUTAIA,92998235.0,64735191.0,3704.0,1223080.0,11421.8,0.0,0.167164,0.0008801,0.001603,0.0001087,0.0126482,SARUTAIA
660.0,SEBASTIANOPOLIS DO SUL,571664600.0,758274751.0,3130.0,1654764.0,13819.8,0.0,0.0,0.0,0.001651,0.0001024,0.0313503,SEBASTIANOPOLIS DO SUL
661.0,SERRA AZUL,259992269.0,244817199.0,12746.0,2382985.0,18393.9,0.0,0.0,0.0,0.0,0.0002984,0.0191887,SERRA AZUL
662.0,SERRA NEGRA,573885456.0,508503666.0,29894.0,55093623.0,13538.4,0.0,0.033672,0.0002465,0.001994,0.000258,0.0323141,SERRA NEGRA
663.0,SERRANA,1388393352.0,1319100185.0,43909.0,24296716.0,7233.0,0.0,0.0,0.0,0.0,0.0011006,0.0675855,SERRANA
664.0,SERTAOZINHO,7353196736.0,7667360616.0,126887.0,194552739.0,30240.5,0.0,0.082787,0.0,0.003496,0.0033655,0.3290608,SERTAOZINHO
665.0,SETE BARRAS,247111496.0,231424563.0,12730.0,2970920.0,14535.7,0.0,2.479352,0.0273853,0.00163,0.0003837,0.0720999,SETE BARRAS
666.0,SEVERINIA,285050568.0,338517964.0,14576.0,6188535.0,11310.0,0.0,0.0,0.0,0.00164,0.0003856,0.0221746,SEVERINIA
667.0,SILVEIRAS,63449738.0,46306060.0,6186.0,2090466.0,25164.4,0.0,0.412438,0.0055137,0.0,0.000172,0.0213068,SILVEIRAS
668.0,SOCORRO,952878510.0,822148195.0,40122.0,45346826.0,37444.6,0.0,0.094677,0.0007159,0.0,0.0009381,0.0567501,SOCORRO
669.0,SOROCABA,38534177366.0,38152240409.0,723682.0,1323627173.0,11732.0,0.0,0.0,0.0,0.020536,0.0156057,1.6358868,SOROCABA
670.0,SUD MENNUCCI,548608211.0,360053522.0,7355.0,4528437.0,42317.7,0.014317,0.0,0.0,0.00163,0.0002,0.037165,SUD MENNUCCI
671.0,SUMARE,15271038022.0,12899556054.0,279545.0,322488016.0,3995.0,0.0,0.0,0.0,0.003108,0.0065414,0.602691,SUMARE
762.0,SUZANAPOLIS,451697224.0,492449094.0,3408.0,2217980.0,27249.8,0.0055918,0.0,0.0,0.001502,0.0001015,0.0294992,SUZANAPOLIS
672.0,SUZANO,14420884882.0,16096149400.0,307429.0,320584343.0,4634.6,0.0020166,0.015729,0.002952,0.003733,0.0070441,0.657152,SUZANO
673.0,TABAPUA,391094541.0,414615094.0,11323.0,6169101.0,28371.2,0.0,0.0,0.0,0.0,0.000268,0.0260275,TABAPUA
674.0,TABATINGA,452540293.0,460638174.0,14769.0,4770950.0,28258.5,0.0,0.0,0.0,0.00164,0.0004021,0.030355,TABATINGA
675.0,TABOAO DA SERRA,8139191209.0,7238843663.0,273542.0,311306049.0,3.38,0.0,0.0,0.0,0.003437,0.0064862,0.3745668,TABOAO DA SERRA
676.0,TACIBA,749359540.0,1076680275.0,6260.0,3054221.0,62512.1,0.0036871,0.0,0.0,0.0,0.000186,0.0507519,TACIBA
677.0,TAGUAI,373971511.0,266810909.0,12669.0,5971452.0,14617.8,8.39e-05,0.191448,0.0007814,0.0,0.0003721,0.0246852,TAGUAI
678.0,TAIACU,133949141.0,124929809.0,5677.0,2530542.0,9212.5,0.0,0.0,0.0,0.001544,0.0001657,0.0122732,TAIACU
679.0,TAIUVA,183057726.0,198526878.0,6548.0,3749169.0,11704.6,0.0,0.0,0.0,0.001268,0.0001889,0.015102,TAIUVA
680.0,TAMBAU,916062940.0,820612612.0,21435.0,18464706.0,41227.8,0.0,0.0,0.0,0.0,0.0005784,0.0491866,TAMBAU
681.0,TANABI,1197615510.0,1512685836.0,25265.0,15835255.0,66368.58,0.0,0.0,0.0,0.0,0.0006502,0.0718002,TANABI
682.0,TAPIRAI,172677530.0,198599779.0,7996.0,4197159.0,9084.0,0.0007655,0.561281,0.0307062,0.0,0.0002061,0.0507979,TAPIRAI
683.0,TAPIRATIBA,450990182.0,392167113.0,11816.0,5019072.0,15322.9,0.0,0.0,0.0,0.00164,0.0002949,0.0255134,TAPIRATIBA
785.0,TAQUARAL,87597862.0,90449955.0,2619.0,1366337.0,4927.9,0.0,0.0,0.0,0.0,6.19e-05,0.0079697,TAQUARAL
684.0,TAQUARITINGA,1637755014.0,1589100767.0,52260.0,50169158.0,49611.4,0.0,0.0,0.0,0.001585,0.0012401,0.087871,TAQUARITINGA
685.0,TAQUARITUBA,1501565872.0,1233662498.0,24350.0,17289805.0,55501.2,0.0022468,0.069995,0.0004899,0.001299,0.0006229,0.0727998,TAQUARITUBA
763.0,TAQUARIVAI,595506481.0,549377552.0,6876.0,2892400.0,29192.92,0.0,0.0,0.0,0.001459,0.0001965,0.0317878,TAQUARIVAI
686.0,TARABAI,124507413.0,133794410.0,6536.0,3072435.0,18494.8,0.0,0.0,0.0,0.001534,0.000196,0.0142711,TARABAI
731.0,TARUMA,1076930669.0,1375794405.0,14882.0,15068569.0,33129.5,0.0,0.0,0.0,0.0,0.0005095,0.059542,TARUMA
687.0,TATUI,5613250126.0,5069729077.0,123942.0,122163346.0,34155.5,0.0,0.0,0.0,0.003627,0.0029361,0.243342,TATUI
688.0,TAUBATE,16257913184.0,16285919581.0,310739.0,382178726.0,32502.8,0.0,0.0,0.0,0.0,0.0072878,0.6968624,TAUBATE
689.0,TEJUPA,212806330.0,210951574.0,4127.0,954157.0,24620.7,0.0032958,0.096438,0.0008145,0.0,0.0001052,0.0196825,TEJUPA
690.0,TEODORO SAMPAIO,645966911.0,552404947.0,22173.0,13033569.0,89306.0,0.0124479,2.410133,0.0,0.001373,0.0005665,0.0785744,TEODORO SAMPAIO
691.0,TERRA ROXA,250159422.0,338613333.0,7904.0,3347990.0,18689.3,0.0,0.0,0.0,0.0,0.0001871,0.0193697,TERRA ROXA
692.0,TIETE,2802556438.0,2298418641.0,37663.0,38552831.0,28475.1,0.0,0.405998,0.002615,0.001772,0.0008772,0.1188725,TIETE
693.0,TIMBURI,85664333.0,74870353.0,2464.0,2284876.0,13371.6,0.0045388,0.256157,0.00257,0.001624,7.13e-05,0.0174695,TIMBURI
773.0,TORRE DE PEDRA,15231705.0,16721168.0,2046.0,607988.0,3677.4,0.0,0.099285,0.0010734,0.0,7.39e-05,0.0073268,TORRE DE PEDRA
694.0,TORRINHA,471196776.0,444314841.0,9335.0,6971129.0,25952.3,0.0,0.205303,0.0014579,0.0,7.88e-05,0.0287673,TORRINHA
794.0,TRABIJU,73831767.0,64536963.0,1682.0,607129.0,4764.6,0.0,0.0,0.0,0.0,4.52e-05,0.0069785,TRABIJU
695.0,TREMEMBE,644292319.0,613218768.0,51173.0,53933678.0,9534.9,0.0,0.008966,0.0,0.001876,0.001139,0.0451946,TREMEMBE
696.0,TRES FRONTEIRAS,192509650.0,75843273.0,6804.0,4659174.0,14117.0,0.001227,0.0,0.0,0.001502,0.0001828,0.0141548,TRES FRONTEIRAS
764.0,TUIUTI,63310311.0,54437474.0,6778.0,2212355.0,9428.7,0.0,0.228265,0.0011365,0.001518,0.0001849,0.0134545,TUIUTI
697.0,TUPA,2005374327.0,1788494267.0,63928.0,69405846.0,51138.2,0.0,0.0,0.0,0.001961,0.0013813,0.1010901,TUPA
698.0,TUPI PAULISTA,277498755.0,254047595.0,15854.0,8667662.0,21879.6,0.0,0.0,0.0,0.001624,0.0004411,0.0231233,TUPI PAULISTA
699.0,TURIUBA,101004821.0,86067743.0,1818.0,858291.0,12123.6,0.0003867,0.0,0.0,0.001348,4.37e-05,0.0099713,TURIUBA
700.0,TURMALINA,147776791.0,115759184.0,1669.0,1747853.0,13133.6,0.0,0.0,0.0,0.001523,4.16e-05,0.0113982,TURMALINA
765.0,UBARANA,590231998.0,575575478.0,5365.0,3353429.0,17839.5,0.0040209,8.5e-05,0.0,0.001651,0.0001436,0.0316744,UBARANA
701.0,UBATUBA,1291689347.0,1216821293.0,92981.0,217696948.0,1054.6,0.0,3.919417,0.0,0.002033,0.0026267,0.1308915,UBATUBA
702.0,UBIRAJARA,416165071.0,282247971.0,5132.0,1440282.0,23745.7,0.0,0.0,0.0,0.001486,0.0001418,0.0221472,UBIRAJARA
703.0,UCHOA,214170423.0,394305772.0,10394.0,7752356.0,22785.57,0.0,0.0,0.0,0.001651,0.0002878,0.0227423,UCHOA
704.0,UNIAO PAULISTA,66045709.0,58607518.0,1603.0,430440.0,6778.6,0.0,0.0,0.0,0.0,1.35e-05,0.0066933,UNIAO PAULISTA
705.0,URANIA,307056213.0,247047491.0,8833.0,3281450.0,20818.0,0.0,0.0,0.0,0.001534,7.46e-05,0.0184936,URANIA
706.0,URU,53705856.0,83830585.0,1387.0,470526.0,11321.1,0.0024858,0.124484,0.0002457,0.001391,4.56e-05,0.0115313,URU
707.0,URUPES,638100600.0,566848017.0,13744.0,8770867.0,29433.8,7.37e-05,0.0,0.0,0.001391,0.0003178,0.0347488,URUPES
709.0,VALENTIM GENTIL,574414050.0,483855963.0,14098.0,8253171.0,12120.7,0.0,0.0,0.0,0.001544,0.0003462,0.0295219,VALENTIM GENTIL
708.0,VALINHOS,8621172848.0,8638314350.0,126373.0,299140248.0,1946.3,0.0,0.012222,0.0,0.0,0.0026696,0.3574387,VALINHOS
710.0,VALPARAISO,1505605920.0,2320849252.0,24241.0,14536365.0,69895.2,0.000999,0.0,0.0,0.001582,0.0006493,0.0936222,VALPARAISO
766.0,VARGEM,127822790.0,116791266.0,10512.0,5377983.0,6778.7,0.0022998,0.239546,0.002069,0.0,0.000295,0.0182246,VARGEM
711.0,VARGEM GRANDE DO SUL,988034759.0,899241177.0,40133.0,37754705.0,23255.9,0.0,0.0,0.0,0.001857,0.0010507,0.0566071,VARGEM GRANDE DO SUL
720.0,VARGEM GRANDE PAULISTA,3009300192.0,2654551376.0,50415.0,78621658.0,329.3,0.0,0.13224,0.0003055,0.0,0.0012067,0.1240945,VARGEM GRANDE PAULISTA
712.0,VARZEA PAULISTA,3791463515.0,3520878190.0,115771.0,73234173.0,286.2,0.0,0.0,0.0,0.003674,0.002847,0.174502,VARZEA PAULISTA
713.0,VERA CRUZ,304513319.0,325583389.0,10176.0,6950315.0,20044.0,0.0,0.0,0.0,0.001534,0.0002082,0.0215332,VERA CRUZ
714.0,VINHEDO,15092572430.0,14169100911.0,76540.0,220680359.0,1704.4,0.0,0.0,0.0,0.001994,0.0018387,0.5563503,VINHEDO
715.0,VIRADOURO,400588716.0,455375667.0,17414.0,10324315.0,19357.1,0.0,0.0,0.0,0.001614,0.0004354,0.02851,VIRADOURO
716.0,VISTA ALEGRE DO ALTO,958357319.0,950813038.0,8109.0,3927447.0,7776.4,0.0,0.0,0.0,0.001523,0.0002358,0.0422488,VISTA ALEGRE DO ALTO
783.0,VITORIA BRASIL,40548864.0,31192557.0,1794.0,353561.0,4749.0,0.0,0.0,0.0,0.001582,2.5e-05,0.0063342,VITORIA BRASIL
717.0,VOTORANTIM,3620823160.0,3367755894.0,127923.0,167212006.0,6180.0,0.0015497,0.065839,0.0006457,0.0,0.0029121,0.1750982,VOTORANTIM
718.0,VOTUPORANGA,2959670134.0,2715767267.0,96634.0,107374502.0,30213.0,0.0,0.0,0.0,0.002033,0.002316,0.1444668,VOTUPORANGA
774.0,ZACARIAS,279921641.0,244584203.0,2692.0,3105675.0,20931.7,0.0120548,0.0,0.0,0.001598,5.99e-05,0.0237358,ZACARIAS
