codigo_ibge,municipio,QTD_ALUNOS_INSE,MEDIA_INSE,ise_vulnerabilidade_normalizada,pc_niveis_1_2_vulneraveis
3507506,Botucatu,1718,5.4651,0.2923497267759564,2.38
3507308,Boracéia,60,5.1824,0.4499832719973232,7.14
3507159,Bom Sucesso de Itararé,52,4.9327,0.5892160142745624,11.549999999999999
3507100,Bom Jesus dos Perdões,271,5.2825,0.39416750306680054,4.88
3507001,Boituva,1391,5.3668,0.3471618155458906,3.37
3506409,Bilac,80,5.5742,0.23151555704248888,2.46
3506003,Bauru,1444,5.4207,0.31710717073714717,2.8200000000000003
3505906,Batatais,470,5.2664,0.4031448645031782,3.62
3505807,Bastos,217,5.2989,0.3850228616036579,1.88
3505500,Barretos,1211,5.2584,0.40760566521690633,3.61
3505401,Barra do Turvo,71,4.7014,0.7181889149102265,19.99
3505351,Barra do Chapéu,40,4.8958,0.6097914575666329,12.83
3506201,Bento de Abreu,39,5.3915,0.33338909334225497,4.68
3505203,Bariri,475,5.3843,0.33740381398461033,2.87
3505104,Barbosa,82,4.9877,0.5585480093676812,7.49
3505005,Barão de Antonina,34,5.0817,0.5061336009813763,
3506359,Bertioga,989,5.0609,0.517731682837069,6.16
3504909,Bananal,157,5.2109,0.4340916694546672,9.56
3504701,Balbinos,15,5.5473,0.24651499944239985,
3506607,Biritiba Mirim,363,5.1366,0.47552135608341706,6.52
3504404,Avanhandava,126,5.1087,0.49107839857254376,5.54
3504305,Avaí,54,5.3872,0.33578677372588367,7.2
3504107,Atibaia,1712,5.4118,0.32206981153116954,3.0999999999999996
3504008,Assis,900,5.4472,0.30233076837292305,2.6799999999999997
3504206,Auriflama,130,5.1599,0.4625292740046835,6.44
3507605,Bragança Paulista,1594,5.3986,0.3294301327088211,3.42
3503901,Arujá,1052,5.3725,0.3439834950373593,3.17
3503802,Artur Nogueira,590,5.3085,0.37966990074718376,3.9099999999999997
3503703,Ariranha,78,5.3968,0.33043381286941004,4.76
3503604,Areiópolis,225,5.2729,0.39952046392327417,3.73
3557303,Estiva Gerbi,233,5.3667,0.3472175755548121,1.6
3557105,Votuporanga,852,5.3416,0.3612133377941341,2.84
3507456,Borebi,70,5.1666,0.4587933534069365,7.3500000000000005
3506508,Birigui,1140,5.3299,0.36773725883796116,2.48
3506805,Bocaina,133,5.403,0.3269766923162709,2.79
3556800,Viradouro,286,5.1566,0.46436935429909654,6.23
3506706,Boa Esperança do Sul,315,5.261,0.40615590498494464,3.9499999999999997
3504503,Avaré,859,5.2844,0.39310806289729006,4.23
3504602,Bady Bassitt,442,5.5352,0.25326196052191374,2.23
3504800,Bálsamo,100,5.4837,0.2819783651165384,1.0
3556701,Vinhedo,1275,5.5761,0.23045611687297843,1.8
3556602,Vera Cruz,116,5.4338,0.30980260956841754,1.56
3506300,Bernardino de Campos,112,5.2284,0.4243336678933869,3.51
3505302,Barra Bonita,273,5.4644,0.29274004683840715,2.27
3506102,Bebedouro,584,5.3758,0.3421434147429463,2.06
3556503,Várzea Paulista,1196,5.3176,0.3745957399353185,3.1799999999999997
3556453,Vargem Grande Paulista,559,5.3581,0.35201293632206954,3.19
3505609,Barrinha,784,5.2679,0.4023084643693542,3.58
3505708,Barueri,11033,5.4383,0.3072934091669454,2.58
3556404,Vargem Grande do Sul,337,5.1531,0.4663209546113525,5.84
3556354,Vargem,259,5.2205,0.4287387085981931,3.14
3556305,Valparaíso,244,5.2266,0.4253373480539754,5.3
3556206,Valinhos,1494,5.5572,0.2409947585591613,1.71
3503000,Aramina,65,5.2436,0.4158581465373034,
3556107,Valentim Gentil,147,5.2344,0.4209880673580907,4.19
3556008,Urupês,223,5.406,0.3253038920486228,1.66
3555604,Uchoa,192,5.3569,0.3526820564291287,4.56
3555505,Ubirajara,61,5.2667,0.4029775844764133,3.28
3555356,Ubarana,140,5.2113,0.4338686294189808,3.0
3555307,Turmalina,11,5.2218,0.4280138284822124,
3555208,Turiúba,13,5.5685,0.23469387755102017,
3555109,Tupi Paulista,221,5.5515,0.24417307906769262,1.3
3554805,Tremembé,796,5.3694,0.3457120553139289,3.16
3502705,Apiaí,143,5.4465,0.3027210884353739,2.09
3554508,Tietê,768,5.3685,0.34621389539422315,3.56
3554300,Teodoro Sampaio,251,5.316,0.375487900078064,1.17
3554201,Tejupá,58,4.9823,0.5615590498494476,8.22
3506904,Bofete,212,5.241,0.41730790676926516,2.8
3502309,Anhembi,153,5.2241,0.42673134827701564,5.8
3500402,Águas da Prata,56,5.2245,0.42650830824132924,4.45
3500501,Águas de Lindóia,258,5.5852,0.22538195606111264,1.8
3500550,Águas de Santa Bárbara,84,5.5436,0.24857811977249925,3.51
3507209,Borá,10,5.367,0.34705029552804717,
3553955,Tarumã,189,5.3814,0.33902085424333644,2.72
3553906,Tarabai,166,5.2053,0.43721422995427656,4.88
3553856,Taquarivaí,161,5.1391,0.4741273558603768,8.79
3501905,Amparo,400,5.4264,0.3139288502286159,2.76
3553807,Taquarituba,231,5.1819,0.4502620720419316,4.53
3553708,Taquaritinga,508,5.3713,0.3446526151444185,3.58
3501806,Américo de Campos,121,5.466,0.29184788669566164,1.65
3553302,Tambaú,199,5.2337,0.421378387420542,4.98
3553203,Taiúva,61,5.4262,0.3140403702464593,4.91
3553104,Taiaçu,58,5.0483,0.5247574439611907,8.57
3552908,Taciba,69,5.5035,0.2709378833500613,1.5
3501608,Americana,1342,5.5478,0.246236199397792,2.19
3501152,Alumínio,408,5.3295,0.3679602988736475,5.41
3501202,Álvares Florence,49,5.0662,0.5147764023642241,4.87
3552809,Taboão da Serra,2711,5.2489,0.41290286606445853,3.62
3552700,Tabatinga,224,5.319,0.3738150998104159,2.62
3552551,Suzanápolis,45,5.4139,0.3208988513438161,2.13
3501301,Álvares Machado,411,5.3148,0.37615702018512315,2.89
3501103,Alto Alegre,42,5.4751,0.28677372588379585,4.77
3501004,Altinópolis,243,5.2858,0.3923274227723875,2.76
3552205,Sorocaba,5555,5.428,0.3130366900858703,2.48
3500600,Águas de São Pedro,105,5.8889,0.05603880896620957,3.7
3502101,Andradina,488,5.3189,0.3738708598193374,2.9
3554003,Tatuí,1670,5.2592,0.4071595851455336,3.4299999999999997
3502200,Angatuba,536,5.3963,0.3307126129140179,3.12
3552106,Socorro,238,5.5468,0.24679379948700772,0.91
3552007,Silveiras,97,4.9575,0.5753875320620052,10.26
3500303,Aguaí,434,5.326,0.36991189918590395,3.51
3502507,Aparecida,646,5.3084,0.37972566075610575,3.46
3500204,Adolfo,100,5.2604,0.4064904650384744,1.93
3551504,Serrana,631,5.2429,0.41624846659975473,3.81
3551405,Serra Azul,123,5.2424,0.41652726664436257,5.17
3551207,Sarutaiá,35,4.196,1.0,45.419999999999995
3554656,Torre de Pedra,33,5.3446,0.359540537526486,2.94
3551108,Sarapuí,131,5.1814,0.4505408720865394,6.24
3550803,São Sebastião da Grama,105,5.2208,0.42857142857142866,1.04
3555406,Ubatuba,1320,5.1229,0.4831604773056765,6.359999999999999
3550605,São Roque,1595,5.3087,0.37955838072934084,4.71
3550407,São Pedro,702,5.4909,0.2779636444741831,2.04
3500758,Alambari,62,5.3295,0.3679602988736475,1.52
3556958,Vitória Brasil,15,4.8807,0.6182112189137948,13.33
3503406,Arealva,71,5.3684,0.3462696554031446,2.57
3557154,Zacarias,38,5.1703,0.45673023307683713,2.82
3503307,Araras,1192,5.4479,0.3019404483104718,2.3800000000000003
3557204,Chavantes,131,5.1612,0.4618043938887029,4.04
3507803,Brodowski,409,5.5467,0.24684955949592918,1.24
3507902,Brotas,297,5.3487,0.35725437716070024,2.01
3550308,São Paulo,70814,5.0653,0.5152782424445188,7.62
3549805,São José do Rio Preto,3734,5.3654,0.3479424556707927,2.68
3549607,São José do Barreiro,85,5.0478,0.5250362440057992,3.52
3549300,São João do Pau d'Alho,16,5.6669,0.17982602877216447,
3549508,São José da Bela Vista,100,5.0767,0.5089216014274562,4.63
3549706,São José do Rio Pardo,305,5.3359,0.3643916583026654,3.7399999999999998
3549201,São João das Duas Pontes,25,5.4457,0.30316716850674663,4.17
3549102,São João da Boa Vista,613,5.453,0.2990966878554698,1.89
3548906,São Carlos,1192,5.3703,0.34521021523363415,4.07
3548807,São Caetano do Sul,3065,5.8249,0.09172521467603402,0.73
3550001,São Luiz do Paraitinga,186,5.3298,0.3677930188468831,1.54
3550100,São Manuel,388,5.395,0.33143749302999903,3.2
3548708,São Bernardo do Campo,6937,5.4084,0.323965651834504,2.03
3548500,Santos,3098,5.1285,0.48003791680606667,4.79
3548104,Santo Antônio do Jardim,71,5.1465,0.4700011152001785,
3548054,Santo Antônio do Aracanguá,174,5.4136,0.32106613137058104,0.58
3548005,Santo Antônio de Posse,460,5.3103,0.37866622058659527,4.31
3547908,Santo Antônio da Alegria,174,5.3302,0.36756997881119674,4.07
3547700,Santo Anastácio,95,4.9614,0.5732128917140624,9.77
3547601,Santa Rosa de Viterbo,226,5.2099,0.4346492695438829,6.319999999999999
3547502,Santa Rita do Passa Quatro,206,5.3614,0.350172856027657,3.2
3547106,Santa Mercedes,29,5.234,0.4212111073937771,
3546801,Santa Isabel,529,5.2098,0.4347050295528044,5.3
3546702,Santa Gertrudes,587,5.3234,0.3713616594178652,2.61
3546405,Santa Cruz do Rio Pardo,449,5.379,0.34035909445745527,3.5700000000000003
3546306,Santa Cruz das Palmeiras,268,5.2631,0.40498494479759123,4.16
3546256,Santa Cruz da Esperança,53,5.3191,0.3737593398014944,1.68
3546108,Santa Clara d'Oeste,30,4.9593,0.5743838519014163,
3546009,Santa Branca,228,5.2329,0.42182446749191477,5.74
3545803,Santa Bárbara d'Oeste,1531,5.4796,0.2842645254823242,1.59
3545704,Santa Albertina,58,5.494,0.2762350841976135,3.45
3545506,Sandovalina,100,5.3221,0.3720865395338463,7.28
3545407,Salto Grande,99,5.1355,0.47613471618155423,4.22
3545100,Salmourão,45,5.2774,0.397011263521802,
3545308,Salto de Pirapora,525,5.2866,0.3918813427010147,3.98
3545001,Salesópolis,174,5.1952,0.44284599085535853,4.96
3544806,Sales,71,5.3644,0.3485000557600089,2.42
3544707,Sagres,24,5.1497,0.468216794914687,
3544509,Rubinéia,34,5.5546,0.24244451879112303,
3544251,Rosana,114,5.3223,0.37197501951600287,1.68
3544103,Rio Grande da Serra,12,5.2467,0.4141295862607339,25.0
3543907,Rio Claro,1710,5.3372,0.3636667781866843,2.67
3543709,Rincão,110,5.2741,0.398851343816215,5.5
3543600,Rifaina,59,5.4333,0.31008140961302544,
3543402,Ribeirão Preto,3798,5.3458,0.35887141741942685,3.2600000000000002
3543303,Ribeirão Pires,551,5.6058,0.21389539422326279,1.82
3543105,Ribeirão Corrente,132,5.2969,0.3861380617820898,2.12
3543006,Ribeirão Branco,220,4.8906,0.6126909780305563,8.75
3542909,Ribeirão Bonito,232,5.1406,0.4732909557265528,4.9
3542602,Registro,580,5.0634,0.5163376826140292,7.05
3542404,Regente Feijó,149,5.4006,0.3283149325303892,1.97
3542305,Redenção da Serra,65,5.1708,0.45645143303222924,9.26
3542107,Rafard,119,5.3612,0.35028437604549995,4.16
3541802,Queiroz,46,5.1469,0.46977807516449216,8.37
3541703,Quatá,136,5.2617,0.4057655849224933,1.29
3541653,Quadra,143,5.267,0.4028103044496484,6.38
3541208,Presidente Bernardes,140,5.3628,0.34939221590275443,5.3
3541000,Praia Grande,6890,5.2588,0.40738262518122,4.0
3540903,Pradópolis,352,5.3425,0.36071149771383937,5.21
3540853,Pracinha,19,5.16,0.46247351399576203,5.26
3540804,Potirendaba,372,5.3935,0.33227389316382255,4.08
3540606,Porto Feliz,1113,5.3822,0.3385747741719637,2.3
3540507,Porangaba,108,5.1946,0.44318055090888786,4.65
3540200,Pontal,578,5.0863,0.5035686405709826,7.0
3540309,Pontes Gestal,33,5.1859,0.44803167168506725,3.13
3540259,Pontalinda,53,5.1551,0.46520575443292056,3.64
3540101,Pongaí,34,5.2173,0.4305230288836846,2.86
3539608,Planalto,50,5.1579,0.46364447418311594,2.07
3539400,Piratininga,135,5.533,0.2544886807181886,0.73
3539301,Pirassununga,491,5.3769,0.3415300546448086,2.82
3539103,Pirapora do Bom Jesus,463,5.1081,0.4914129586260731,4.01
3538600,Piracaia,319,5.3739,0.3432028549124567,2.14
3538501,Piquete,114,5.1439,0.47145087543213976,6.26
3538204,Pinhalzinho,295,5.4455,0.30327868852459006,4.04
3538303,Piquerobi,34,5.2651,0.4038697446191588,
3538105,Pindorama,257,5.3098,0.37894502063120317,3.19
3537909,Pilar do Sul,343,5.3916,0.333333333333333,1.73
3537800,Piedade,625,5.1909,0.4452436712389872,6.61
3537701,Piacatu,71,5.188,0.4468607114977139,7.02
3537602,Peruíbe,909,5.0939,0.49933087989294084,7.5200000000000005
3537404,Pereira Barreto,319,5.3403,0.3619382179101147,1.31
3537305,Penápolis,419,5.2795,0.39584030333444864,3.88
3537156,Pedrinhas Paulista,40,5.5773,0.2297869967659193,2.5
3537107,Pedreira,423,5.4334,0.31002564960410395,2.95
3537008,Pedregulho,173,5.5621,0.23826251812200278,0.57
3536901,Pedranópolis,34,5.5562,0.2415523586483775,2.78
3536703,Pederneiras,442,5.3586,0.3517341362774617,3.2
3536604,Paulo de Faria,158,5.1589,0.4630868740938997,3.29
3536505,Paulínia,1745,5.5488,0.2456785993085758,2.33
3536406,Paulicéia,97,5.0707,0.512267201962752,2.09
3536307,Patrocínio Paulista,189,5.4048,0.3259730121556819,1.08
3538006,Pindamonhangaba,1680,5.3157,0.3756551801048289,2.85
3539202,Pirapozinho,246,5.3598,0.35106501617040253,1.08
3536208,Pariquera-Açu,215,5.1549,0.46531727445076404,6.21
3536109,Pardinho,205,5.4595,0.29547228727556574,2.21
3535903,Paranapuã,49,5.2575,0.4081075052972006,
3535804,Paranapanema,364,5.1856,0.44819895171183216,5.33
3539707,Platina,36,5.3278,0.368908219025315,5.56
3535705,Paraíso,116,5.5042,0.27054756328761004,1.78
3535606,Paraibuna,187,5.0653,0.5152782424445188,9.56
3535507,Paraguaçu Paulista,708,5.2756,0.398014943682391,3.18
3540002,Pompéia,191,5.5263,0.2582246013159361,2.03
3535408,Panorama,171,5.1646,0.4599085535853684,5.38
3535309,Palmital,182,5.3162,0.37537638006022056,3.86
3535200,Palmeira d'Oeste,59,5.3313,0.36695661871305907,3.63
3535101,Palmares Paulista,100,5.1388,0.4742946358871417,6.15
3535002,Palestina,263,5.2902,0.3898739823798373,3.58
3534757,Ouroeste,118,5.4766,0.2859373257499718,1.74
3540754,Potim,318,5.0132,0.5443292070926729,6.74
3534708,Ourinhos,1173,5.3991,0.32915133266421326,2.71
3534609,Osvaldo Cruz,241,5.4269,0.313650050184008,0.86
3534500,Oscar Bressane,54,5.4733,0.28777740604438484,1.93
3541307,Presidente Epitácio,109,5.1122,0.4891267982602878,9.73
3534302,Orlândia,684,5.369,0.34593509534961525,1.71
3534203,Orindiúva,161,5.4015,0.32781309245009443,1.28
3534104,Oriente,62,5.4077,0.3243559718969553,
3534005,Onda Verde,57,5.4236,0.3154901304784205,
3533809,Óleo,24,4.8548,0.6326530612244896,12.73
3533601,Nuporanga,145,5.5063,0.26937660310025613,0.76
3542008,Quintana,67,5.2925,0.38859150217464,1.52
3533403,Nova Odessa,552,5.484,0.28181108508977354,1.16
3542503,Reginópolis,75,5.1796,0.45154455224712836,5.26
3533304,Nova Luzitânia,26,5.3452,0.3592059774729562,
3533254,Novais,112,5.1443,0.47122783539645335,4.31
3533205,Nova Independência,125,5.1147,0.48773279803724756,4.91
3542701,Restinga,179,5.311,0.378275900524144,2.48
3533106,Nova Guataporanga,29,5.3303,0.36751421880227475,3.45
3532900,Nova Europa,221,5.2468,0.4140738262518119,3.6399999999999997
3532868,Nova Castilho,10,4.932,0.5896063343370131,
3532843,Nova Canaã Paulista,20,5.402,0.3275342924054866,
3543204,Ribeirão do Sul,57,5.1198,0.48488903758224605,7.14
3532827,Nova Campina,187,4.9547,0.5769488123118099,5.76
3543238,Ribeirão dos Índios,17,5.1888,0.44641463142634114,5.88
3532801,Nova Aliança,91,5.5069,0.26904204304672685,3.07
3543253,Ribeirão Grande,94,5.279,0.3961191033790565,6.54
3532702,Nipoã,62,5.0996,0.49615255938440955,1.64
3532504,Neves Paulista,89,5.3721,0.3442065350730457,
3532405,Nazaré Paulista,149,5.1739,0.4547228727556597,6.73
3532306,Natividade da Serra,106,5.1021,0.4947585591613693,9.44
3532207,Narandiba,141,5.217,0.4306903089104495,2.25
3532157,Nantes,30,4.9966,0.5535853685736589,15.09
3532108,Murutinga do Sul,38,5.1551,0.46520575443292056,2.71
3532058,Motuca,94,5.3743,0.3429798148767704,5.39
3532009,Morungaba,238,5.2853,0.39260622281699536,4.8
3531407,Monte Aprazível,320,5.2807,0.395171183227389,3.43
3531308,Monte Alto,469,5.3806,0.3394669343147092,2.0500000000000003
3531209,Monte Alegre do Sul,157,5.6006,0.21679491468718623,2.55
3531100,Mongaguá,1532,5.2035,0.4382179101148655,5.57
3544400,Rubiácea,26,5.1419,0.4725660756105721,3.85
3530805,Mogi Mirim,1091,5.4651,0.2923497267759564,2.01
3544905,Sales Oliveira,103,5.4093,0.3234638117542098,0.97
3545159,Saltinho,122,5.7768,0.1185457789673247,
3530706,Mogi Guaçu,2328,5.492,0.2773502843760454,2.12
3545605,Santa Adélia,238,5.4179,0.31866845098695185,1.79
3530607,Mogi das Cruzes,4585,5.2969,0.3861380617820898,4.44
3530409,Mirassolândia,42,5.5175,0.263131482101037,2.3
3530300,Mirassol,500,5.4239,0.31532285045165614,2.28
3546504,Santa Ernestina,65,5.4831,0.28231292517006773,1.43
3530201,Mirante do Paranapanema,115,5.2703,0.40097022415523587,4.25
3530102,Mirandópolis,223,5.2377,0.4191479870636777,3.98
3530003,Mira Estrela,30,5.6198,0.20608899297423894,
3547007,Santa Maria da Serra,79,5.2277,0.4247239879558382,2.58
3529906,Miracatu,238,4.918,0.5974127355860375,12.91
3529807,Mineiros do Tietê,105,5.22,0.4290175086428014,2.93
3529708,Miguelópolis,352,5.2178,0.43024422883907626,4.43
3547403,Santa Rita d'Oeste,36,5.5272,0.25772276123564186,5.56
3529609,Meridiano,41,5.3326,0.3662317385970779,4.83
3547304,Santana de Parnaíba,5146,5.3749,0.34264525482324054,3.7800000000000002
3547809,Santo André,4146,5.3782,0.340805174528828,3.0700000000000003
3529500,Mendonça,53,5.4087,0.32379837180773957,3.65
3529658,Mesópolis,26,5.1063,0.49241663878666203,
3529401,Mauá,182,5.1531,0.4663209546113525,5.0
3546900,Santa Lúcia,88,5.3209,0.37275565964090546,3.51
3529302,Matão,610,5.8539,0.07555481208876966,0.92
3546603,Santa Fé do Sul,614,5.4818,0.2830378052860489,1.62
3530508,Mococa,467,5.3319,0.36662205865952924,3.0
3546207,Santa Cruz da Conceição,40,5.4929,0.2768484442957512,
3529203,Martinópolis,253,5.3113,0.3781086204973791,1.8
3529104,Marinópolis,14,5.1986,0.440950150552024,
3545209,Salto,893,5.476,0.28627188580350166,1.76
3530904,Mombuca,104,5.3877,0.33550797368127583,3.07
3544608,Sabino,59,5.2952,0.3870859819337568,3.42
3531001,Monções,23,5.1839,0.44914687186349916,4.35
3544301,Roseira,251,5.3396,0.36232853797256603,3.82
3548203,Santo Antônio do Pinhal,190,5.2652,0.4038139846102374,3.04
3529005,Marília,1595,5.3582,0.35195717631314805,3.29
3544202,Riolândia,229,4.8831,0.6168729786996766,12.45
3548302,Santo Expedito,27,5.4659,0.29190364670458313,
3544004,Rio das Pedras,661,5.4701,0.28956172632987587,1.57
3528908,Mariápolis,39,5.1738,0.45477863276458114,2.44
3548401,Santópolis do Aguapeí,55,5.2847,0.3929407828705252,3.54
3531506,Monte Azul Paulista,242,5.4807,0.28365116538418655,1.62
3528858,Marapoama,26,5.1724,0.4555592728894837,7.88
3531605,Monte Castelo,33,5.3366,0.36400133824021413,2.87
3531704,Monteiro Lobato,63,5.2354,0.4204304672688745,6.04
3528809,Maracaí,124,5.2956,0.3868629418980704,2.59
3531803,Monte Mor,1387,5.3652,0.34805397568863616,2.76
3543501,Riversul,57,5.1491,0.4685513549682168,5.25
3531902,Morro Agudo,565,5.33,0.36768149882903967,2.78
3528700,Marabá Paulista,41,4.9798,0.5629530500724879,7.81
3528601,Manduri,140,5.2281,0.4245009479201513,4.41
3532603,Nhandeara,70,5.3539,0.3543548566967768,2.64
3528502,Mairiporã,1055,5.147,0.46972231515557017,6.04
3542206,Rancharia,315,5.3679,0.3465484554477529,2.21
3528403,Mairinque,816,5.3713,0.3446526151444185,2.47
3533007,Nova Granada,214,5.1085,0.4911899185903867,2.81
3533502,Novo Horizonte,795,5.3935,0.33227389316382255,2.73
3527801,Lupércio,50,5.2245,0.42650830824132924,4.44
3527702,Luiziânia,64,5.015,0.5433255269320844,13.15
3533700,Ocauçu,54,5.233,0.4217687074829933,7.470000000000001
3533908,Olímpia,591,5.3925,0.3328314932530388,2.67
3541604,Promissão,249,5.3156,0.3757109401137504,2.38
3541505,Presidente Venceslau,289,5.3882,0.3352291736366675,1.78
3527256,Lourdes,23,5.2383,0.41881342701014834,4.35
3541406,Presidente Prudente,1546,5.3963,0.3307126129140179,2.73
3527207,Lorena,1027,5.2485,0.4131259061001449,5.04
3534401,Osasco,6762,5.2698,0.4012490241998437,3.47
3541059,Pratânia,92,5.1006,0.49559495929519337,9.729999999999999
3527108,Lins,188,5.4302,0.311809969889595,1.57
3526902,Limeira,2195,5.4301,0.31186572989851646,1.7999999999999998
3540705,Porto Ferreira,728,5.4333,0.31008140961302544,2.3099999999999996
3534807,Ouro Verde,180,5.1438,0.4715066354410617,7.23
3534906,Pacaembu,99,5.452,0.29965428794468596,4.06
3540408,Populina,53,5.4844,0.28158804505408713,
3526704,Leme,1037,5.2858,0.3923274227723875,3.53
3539806,Poá,1882,5.408,0.3241886918701904,2.78
3539509,Pitangueiras,427,5.1944,0.4432920709267313,5.04
3536000,Parapuã,78,5.0627,0.5167280026764801,6.41
3526209,Juquitiba,209,5.0696,0.5128805620608896,11.17
3536257,Parisi,22,4.9694,0.5687520910003343,
3526100,Juquiá,182,5.0049,0.5489572878331659,6.52
3538808,Piraju,284,5.3761,0.3419761347161814,4.13
3539004,Pirangi,92,5.3711,0.3447641351622614,3.25
3538907,Pirajuí,174,5.3756,0.3422549347607892,3.5
3526001,Junqueirópolis,205,5.4795,0.28432028549124566,1.42
3536570,Paulistânia,30,5.1273,0.48070703691312583,6.61
3538709,Piracicaba,3202,5.3764,0.34180885468941646,2.74
3525904,Jundiaí,3616,5.5512,0.24434035909445753,1.6500000000000001
3536802,Pedra Bela,131,5.2618,0.4057098249135718,3.66
3537206,Pedro de Toledo,149,4.8775,0.619995539199286,8.76
3525854,Jumirim,78,5.3597,0.351120776179324,3.88
3525805,Júlio Mesquita,59,5.2355,0.420374707259953,3.33
3525706,José Bonifácio,280,5.2236,0.4270101483216235,1.68
3525607,João Ramalho,59,5.1105,0.4900747184119548,8.56
3537503,Pereiras,109,5.1144,0.4879000780640125,7.34
3525508,Joanópolis,283,5.3624,0.3496152559384408,5.55
3525409,Jeriquara,94,5.3019,0.3833500613360098,4.21
3525201,Jarinu,455,5.3061,0.38100814096130253,3.68
3525102,Jardinópolis,779,5.3686,0.34615813538530166,2.94
3524907,Jambeiro,128,5.3131,0.37710494033679015,5.57
3524808,Jales,428,5.4795,0.28432028549124566,1.39
3524600,Jacupiranga,166,5.0855,0.5040147206423553,9.57
3524501,Jaci,74,5.2985,0.3852459016393443,1.94
3524402,Jacareí,2059,5.3763,0.34186461469833845,2.9
3524204,Jaborandi,174,5.2175,0.4304115088658412,4.03
3524105,Ituverava,564,5.219,0.4295751087320171,3.25
3524006,Itupeva,795,5.3704,0.34515445522471266,3.07
3523909,Itu,1764,5.3415,0.3612690978030556,3.25
3523701,Itirapuã,78,5.2441,0.41557934649269507,7.29
3523602,Itirapina,241,5.2864,0.3919928627188577,3.52
3523404,Itatiba,2104,5.4792,0.2844875655180106,2.0
3523305,Itariri,152,4.7706,0.6796029887364781,13.78
3523206,Itararé,564,5.175,0.45410951265752203,3.92
3523107,Itaquaquecetuba,4458,5.1366,0.47552135608341706,5.88
3523008,Itapura,52,5.151,0.46749191479870633,3.77
3522901,Itapuí,131,5.3016,0.3835173413627747,3.96
3522703,Itápolis,98,5.9894,0.0,
3522653,Itapirapuã Paulista,52,4.934,0.5884911341585812,9.97
3522802,Itaporanga,140,5.1859,0.44803167168506725,5.73
3522604,Itapira,556,5.3613,0.35022861603657846,3.25
3522505,Itapevi,3406,5.153,0.46637671462027447,5.05
3522406,Itapeva,1961,5.2326,0.4219917475186797,4.99
3522307,Itapetininga,1442,5.2563,0.40877662540425974,4.16
3523503,Itatinga,320,5.209,0.43515110962417763,4.78
3522208,Itapecerica da Serra,2097,5.2624,0.40537526486004205,4.12
3522158,Itaoca,25,4.818,0.6531727445076392,12.0
3524303,Jaboticabal,748,5.2736,0.39913014386082285,4.2700000000000005
3522109,Itanhaém,2901,5.1806,0.4509869521579122,6.6499999999999995
3522000,Itaju,54,5.1841,0.44903535184565624,1.9
3541901,Queluz,185,5.1221,0.4836065573770493,6.3
3521903,Itajobi,322,5.2501,0.41223374595739937,3.15
3521804,Itaí,296,5.2183,0.4299654287944684,4.5
3524709,Jaguariúna,1165,5.5346,0.2535965205754431,1.16
3521606,Irapuru,65,5.1449,0.470893275342924,
3521507,Irapuã,78,5.2794,0.3958960633433701,4.2
3521408,Iracemápolis,205,5.4494,0.3011040481766477,1.98
3521309,Ipuã,282,5.0743,0.5102598416415746,5.720000000000001
3542800,Ribeira,28,4.9105,0.6015947362551578,19.79
3521200,Iporanga,47,4.5193,0.8197278911564623,22.939999999999998
3525003,Jandira,1024,5.1531,0.4663209546113525,5.69
3521150,Ipiguá,84,5.3256,0.37013493922159035,3.6
3521101,Ipeúna,90,5.0626,0.516783762685402,12.309999999999999
3521002,Iperó,731,5.2463,0.4143526262964202,4.96
3520905,Ipaussu,287,5.1624,0.46113527378164376,3.91
3525300,Jaú,1149,5.3785,0.3406378945020631,2.5700000000000003
3520806,Inúbia Paulista,29,5.3666,0.3472733355637336,
3520707,Indiaporã,46,5.191,0.4451879112300658,4.26
3520608,Indiana,52,5.3125,0.3774395003903199,1.89
3520509,Indaiatuba,2243,5.5778,0.22950819672131145,1.37
3520442,Ilha Solteira,244,5.5252,0.2588379614140738,1.19
3520426,Ilha Comprida,333,5.2736,0.39913014386082285,4.07
3520400,Ilhabela,897,5.1626,0.46102375376380034,6.06
3520301,Iguape,312,4.9951,0.5544217687074829,6.3500000000000005
3520202,Igaratá,242,5.3711,0.3447641351622614,4.16
3520103,Igarapava,489,5.154,0.46581911453105823,4.33
3520004,Igaraçu do Tietê,187,5.1774,0.4527712724434037,5.02
3526308,Lagoinha,61,5.0212,0.5398684063789447,6.67
3519907,Iepê,96,5.3898,0.334337013493922,1.1
3526407,Laranjal Paulista,552,5.2001,0.4401137504182,5.88
3519808,Icém,145,5.3831,0.33807293409166944,1.39
3526506,Lavínia,98,5.3153,0.3758782201405153,4.03
3526605,Lavrinhas,186,5.1728,0.4553362328537974,5.95
3519709,Ibiúna,975,5.1365,0.47557711609233855,5.91
3526803,Lençóis Paulista,976,5.5389,0.2511988401918144,1.58
3519600,Ibitinga,318,5.1876,0.44708375153340024,5.55
3519501,Ibirarema,77,5.4012,0.32798037247685935,1.07
3519402,Ibirá,238,5.2578,0.40794022527043616,3.5999999999999996
3519303,Ibaté,463,5.3564,0.35296085647373704,2.14
3519253,Iaras,132,5.248,0.4134047061447527,5.35
3527009,Lindóia,169,5.3682,0.346381175420988,2.31
3519105,Iacanga,222,5.1767,0.4531615925058545,5.6
3519071,Hortolândia,2457,5.3458,0.35887141741942685,2.8200000000000003
3527306,Louveira,620,5.3295,0.3679602988736475,3.54
3519055,Holambra,261,5.3617,0.3500055760008921,2.05
3519006,Herculândia,85,5.2946,0.3874205419872866,3.17
3527405,Lucélia,238,5.4927,0.2769599643135941,3.4
3518909,Guzolândia,52,5.1985,0.4410059105609455,
3518859,Guatapará,187,5.2364,0.41987286717965877,6.13
3527603,Luís Antônio,344,5.2417,0.4169175867068139,3.03
3527504,Lucianópolis,25,5.2657,0.40353518456562953,4.17
3527900,Lutécia,32,5.1664,0.4589048734247794,6.52
3528007,Macatuba,196,5.4224,0.31615925058548017,1.01
3528106,Macaubal,62,5.3232,0.3714731794357086,4.71
3528205,Macedônia,36,5.4808,0.28359540537526456,
3528304,Magda,36,5.1925,0.4443515110962417,2.7
3518800,Guarulhos,9295,5.1448,0.4709490353518455,5.17
3518602,Guariba,892,5.2569,0.4084420653507304,3.74
3518107,Guarantã,82,5.0613,0.5175086428013826,7.33
3517703,Guará,378,5.2643,0.4043158246905316,2.78
3548609,São Bento do Sapucaí,100,5.5185,0.2625738820118208,4.2
3550209,São Miguel Arcanjo,418,5.107,0.49202631872421076,8.01
3517505,Guapiaçu,381,5.3806,0.3394669343147092,2.74
3549953,São Lourenço da Serra,176,5.254,0.410059105609457,3.91
3517208,Guaiçara,150,5.2535,0.41033790565406486,2.04
3517109,Glicério,62,5.1661,0.45907215345154434,8.11
3517000,Getulina,63,5.0846,0.5045165607226496,9.71
3516903,General Salgado,174,5.292,0.38887030221924834,3.82
3549904,São José dos Campos,9147,5.5118,0.26630980260956827,2.04
3516853,Gavião Peixoto,141,5.3309,0.3671796587487454,2.03
3516606,Gália,62,5.3927,0.3327199732351958,3.62
3516507,Gabriel Monteiro,38,5.4192,0.3179435708709712,
3549250,São João de Iracema,18,5.0589,0.518846883015501,5.56
3549409,São Joaquim da Barra,115,5.2454,0.41485446637671447,4.25
3516002,Flórida Paulista,95,5.204,0.43793911007025765,0.85
3515905,Floreal,22,5.8977,0.0511319281811082,
3515806,Flora Rica,26,5.2391,0.4183673469387756,
3515707,Ferraz de Vasconcelos,2257,5.185,0.448533511765362,4.42
3515657,Fernão,23,5.5809,0.22777963644474186,
3515509,Fernandópolis,660,5.4357,0.3087431693989071,3.49
3515400,Fartura,179,5.2693,0.4015278242444516,2.7
3515350,Euclides da Cunha Paulista,94,5.3029,0.3827924612467936,4.22
3515202,Estrela d'Oeste,97,5.3264,0.3696888591502176,7.57
3515194,Espírito Santo do Turvo,67,5.0966,0.49782535965205765,1.44
3515186,Espírito Santo do Pinhal,161,5.4788,0.284710605553697,2.17
3515129,Emilianópolis,59,5.1169,0.4865060778409722,6.81
3515103,Embu-Guaçu,338,5.123,0.4831047172967545,4.56
3514957,Embaúba,23,5.3196,0.37348053975688605,8.7
3514809,Eldorado,153,4.9871,0.5588825694212111,12.94
3514700,Echaporã,81,5.23,0.4234415077506409,4.79
3514502,Duartina,124,5.5194,0.26207204193152656,3.3
3514304,Dourado,193,5.3745,0.3428682948589269,1.55
3514205,Dolcinópolis,30,5.1459,0.47033567525370784,6.91
3513801,Diadema,2135,5.164,0.46024311363889825,4.64
3513504,Cubatão,1566,5.043,0.5277127244340357,4.53
3513405,Cruzeiro,838,5.2104,0.43437046949927505,3.15
3513306,Cruzália,13,5.0123,0.5448310471729676,7.69
3513207,Cristais Paulista,176,5.3941,0.3319393331102932,1.21
3513009,Cotia,3077,5.2768,0.3973458235753318,3.69
3512902,Cosmorama,153,5.2102,0.434481989517118,3.92
3513108,Cravinhos,445,5.5356,0.2530389204862274,3.41
3512803,Cosmópolis,1156,5.4541,0.2984833277573321,1.81
3512704,Corumbataí,106,5.3695,0.3456562953050069,3.26
3512605,Coronel Macedo,49,5.1257,0.48159919705587134,2.53
3512506,Coroados,57,5.3419,0.3610460577673692,
3512407,Cordeirópolis,335,5.3264,0.3696888591502176,3.13
3512308,Conchas,248,5.3618,0.3499498159919706,4.99
3512209,Conchal,412,5.271,0.4005799040927846,5.3500000000000005
3512100,Colômbia,208,5.3634,0.3490576558492246,3.75
3513702,Descalvado,554,5.4855,0.28097468495594946,2.17
3512001,Colina,396,5.3088,0.37950262072041935,3.3200000000000003
3511904,Clementina,77,5.3029,0.3827924612467936,2.46
3511706,Charqueada,278,5.416,0.3197278911564623,1.5
3511607,Cesário Lange,466,5.2521,0.41111854577896695,3.59
3513900,Divinolândia,193,5.4069,0.32480205196832806,4.01
3511508,Cerquilho,817,5.4574,0.2966432474629196,1.25
3511409,Cerqueira César,249,5.1874,0.4471952715512432,5.99
3514106,Dois Córregos,374,5.3634,0.3490576558492246,3.02
3513603,Cunha,100,5.0092,0.5465596074495371,4.86
3511300,Cedral,250,5.6311,0.1997881119660978,
3511201,Catiguá,81,5.411,0.3225158916025428,1.22
3514403,Dracena,386,5.528,0.2572766811642691,1.31
3511102,Catanduva,1208,5.2817,0.3946135831381733,3.38
3514601,Dumont,239,5.1873,0.44725103156016516,5.72
3511003,Castilho,275,5.2097,0.4347607895617263,3.36
3510906,Cássia dos Coqueiros,58,5.2433,0.4160254265640683,9.21
3510807,Casa Branca,228,5.254,0.410059105609457,3.89
3514908,Elias Fausto,437,5.4255,0.3144306903089101,3.03
3514924,Elisiário,82,5.2322,0.42221478755436603,2.4
3510708,Cardoso,163,5.2724,0.399799263967882,4.1
3515004,Embu das Artes,2128,5.1811,0.45070815211330434,4.2
3510609,Carapicuíba,897,5.1641,0.46018735362997626,4.87
3515152,Engenheiro Coelho,191,5.1359,0.4759116761458679,5.4
3510500,Caraguatatuba,2661,5.3052,0.3815099810415968,4.17
3510401,Capivari,874,5.3613,0.35022861603657846,3.38
3515301,Estrela do Norte,41,5.144,0.47139511542321827,2.38
3510302,Capela do Alto,572,5.2802,0.3954499832719973,4.91
3510203,Capão Bonito,819,5.2101,0.43453774952603996,6.13
3507753,Brejo Alegre,35,5.3286,0.36846213895394225,2.96
3507704,Braúna,68,5.1304,0.47897847663655624,7.71
3515608,Fernando Prestes,128,5.4055,0.32558269209323065,3.08
3510153,Canitar,148,5.0972,0.4974907995985278,5.35
3503505,Areias,81,5.0321,0.5337905654064905,9.01
3510104,Cândido Rodrigues,49,5.3761,0.3419761347161814,4.16
3503356,Arco-Íris,22,5.4027,0.3271439723430353,
3557006,Votorantim,1229,5.3518,0.35552581688413065,3.19
3556909,Vista Alegre do Alto,97,5.124,0.48254711720753884,10.47
3510005,Cândido Mota,198,5.3614,0.350172856027657,5.03
3509957,Canas,110,5.1168,0.48656183784989415,2.43
3503158,Arapeí,74,4.8913,0.6123006579681051,8.21
3550506,São Pedro do Turvo,79,5.4215,0.3166610906657744,6.3100000000000005
3503109,Arandu,77,5.2418,0.4168618266978924,5.03
3555901,Uru,15,4.968,0.5695327311252368,
3550704,São Sebastião,2013,5.1793,0.4517118322738933,4.78
3509908,Cananéia,148,4.8689,0.6247908999665439,10.36
3550902,São Simão,73,5.308,0.3799487007917921,4.51
3509809,Campos Novos Paulista,65,5.2333,0.42160142745622836,11.25
3551009,São Vicente,4951,5.0182,0.5415412066465928,6.75
3554953,Tuiuti,178,5.3629,0.34933645589383294,3.67
3555000,Tupã,312,5.4362,0.3084643693542988,1.29
3502754,Araçariguama,513,5.1618,0.4614698338351731,4.79
3500105,Adamantina,239,5.4642,0.29285156685625063,1.67
3551306,Sebastianópolis do Sul,37,5.7567,0.12975354076056622,
3554755,Trabiju,48,5.2769,0.39729006356640983,8.52
3554607,Timburi,16,5.1888,0.44641463142634114,
3554409,Terra Roxa,159,5.3519,0.35547005687520916,0.6
3551702,Sertãozinho,1843,5.4076,0.32441173190587674,3.52
3551801,Sete Barras,187,4.899,0.6080071372811419,14.559999999999999
3502408,Anhumas,47,5.2639,0.4045388647262185,2.21
3551900,Severínia,339,5.1567,0.46431359429017505,6.6899999999999995
3502002,Analândia,94,5.5267,0.2580015612802497,1.04
3553609,Tapiratiba,206,5.3865,0.336177093788335,1.78
3553500,Tapiraí,108,5.0972,0.4974907995985278,9.18
3553401,Tanabi,302,5.3164,0.37526486004237763,2.56
3552304,Sud Mennucci,194,5.3667,0.3472175755548121,3.06
3553005,Taguaí,162,5.1586,0.4632541541206646,3.44
3552403,Sumaré,2427,5.4569,0.29692204750752743,2.6799999999999997
3552502,Suzano,1180,5.3291,0.3681833389093339,3.65
3552601,Tabapuã,202,5.3786,0.3405821344931416,1.62
3501509,Alvinlândia,44,5.4686,0.29039812646369995,
3509700,Campos do Jordão,1072,5.2989,0.3850228616036579,3.53
3501400,Álvaro de Carvalho,38,5.0119,0.5450540872086539,7.96
3509601,Campo Limpo Paulista,1420,5.4398,0.30645700903312134,2.9400000000000004
3516200,Franca,1857,5.3962,0.33076837292293937,2.09
3501707,Américo Brasiliense,691,5.2526,0.4108397457343591,3.77
3516309,Francisco Morato,2372,5.0961,0.4981041596966655,6.09
3500907,Altair,45,5.2588,0.40738262518122,2.41
3553658,Taquaral,22,4.7868,0.6705698672911784,15.0
3500709,Agudos,351,5.336,0.36433589829374347,4.5
3516408,Franco da Rocha,1697,5.2507,0.41189918590386954,4.17
3516705,Garça,365,5.3582,0.35195717631314805,2.52
3554102,Taubaté,5754,5.4331,0.31019292963086886,2.55
3502606,Aparecida d'Oeste,40,5.1936,0.44373815099810404,2.22
3517307,Guaimbê,67,5.4018,0.32764581242333,1.54
3517406,Guaíra,393,5.2992,0.384855581576893,3.43
3554706,Torrinha,28,5.4746,0.2870525259284042,3.57
3509502,Campinas,3227,5.427,0.31359429017508655,2.6999999999999997
3509452,Campina do Monte Alegre,134,5.2312,0.4227723876435817,4.89
3517604,Guapiara,231,4.9952,0.5543660086985615,9.520000000000001
3554904,Três Fronteiras,59,5.5384,0.2514776402364222,3.47
3509403,Cajuru,275,5.3192,0.37370357979257246,5.71
3509304,Cajobi,184,5.4065,0.3250250920040144,4.01
3517802,Guaraçaí,67,5.1614,0.46169287387085944,7.39
3517901,Guaraci,242,5.1766,0.45321735251477646,3.87
3518008,Guarani d'Oeste,28,5.2034,0.438273670123787,
3509254,Cajati,413,5.0185,0.5413739266198279,7.69
3509205,Cajamar,1930,5.2945,0.3874763019962081,3.1799999999999997
3518206,Guararapes,281,5.204,0.43793911007025765,3.1599999999999997
3502804,Araçatuba,1668,5.3136,0.37682614029218225,3.24
3502903,Araçoiaba da Serra,744,5.402,0.3275342924054866,3.1599999999999997
3518305,Guararema,326,5.4106,0.32273893163822914,2.71
3518404,Guaratinguetá,1475,5.3294,0.3680160588825695,3.9799999999999995
3509106,Caiuá,36,5.1129,0.4887364781978365,2.91
3509007,Caieiras,991,5.3052,0.3815099810415968,4.14
3518503,Guareí,142,5.1205,0.4844987175197948,8.48
3508900,Caiabu,48,5.2102,0.434481989517118,6.84
3508801,Cafelândia,157,5.319,0.3738150998104159,6.32
3508702,Caconde,134,5.3665,0.347329095572655,4.73
3508603,Cachoeira Paulista,270,5.217,0.4306903089104495,4.67
3518701,Guarujá,3616,5.0727,0.5111520017843201,6.6000000000000005
3503208,Araraquara,1409,5.2892,0.390431582469053,3.4800000000000004
3508504,Caçapava,994,5.3294,0.3680160588825695,3.3400000000000003
3508405,Cabreúva,663,5.3172,0.3748187799710048,3.79
3508306,Cabrália Paulista,54,5.1639,0.4602988736478197,5.52
3508207,Buritizal,96,5.2417,0.4169175867068139,4.26
3508108,Buritama,197,5.4306,0.3115869298539086,2.97
3508009,Buri,524,5.1231,0.48304895728783304,7.32
