Município_Join,latitude,longitude
ADAMANTINA,-21.576640300532137,-51.05678160515347
ADOLFO,-21.288722197380384,-49.65329407459611
AGUAÍ,-22.049938972078515,-47.040327325202455
ÁGUAS DA PRATA,-21.913680157860266,-46.69171390863879
ÁGUAS DE LINDÓIA,-22.47474888738762,-46.60369379845565
ÁGUAS DE SANTA BÁRBARA,-22.857893418830848,-49.261087708198936
ÁGUAS DE SÃO PEDRO,-22.598538211323504,-47.876015381448326
AGUDOS,-22.5719280070101,-49.108723139326926
ALAMBARI,-23.548953877996194,-47.869111409052955
ALFREDO MARCONDES,-21.934978317886344,-51.39564108899519
ALTAIR,-20.53336625661872,-49.093863184622535
ALTINÓPOLIS,-21.018060374635944,-47.38615688124046
ALTO ALEGRE,-21.612588185020456,-50.192112899922776
ALUMÍNIO,-23.533031436940323,-47.281221361216105
ÁLVARES FLORENCE,-20.28948209537083,-49.920230757062434
ÁLVARES MACHADO,-22.13132233183653,-51.51474511302971
ÁLVARO DE CARVALHO,-22.086627051657537,-49.73395277444135
ALVINLÂNDIA,-22.452574854820224,-49.75860249729994
AMERICANA,-22.723346808827678,-47.28912453136877
AMÉRICO BRASILIENSE,-21.72219452689476,-48.03218890937963
AMÉRICO DE CAMPOS,-20.28948147748017,-49.76806215840123
AMPARO,-22.69912337814879,-46.798706706159365
ANALÂNDIA,-22.121061401451442,-47.67795294379889
ANDRADINA,-20.83561898813797,-51.32977028325236
ANGATUBA,-23.436867802115113,-48.45929546553572
ANHEMBI,-22.800010521183466,-48.17466075191818
ANHUMAS,-22.36201032164856,-51.42776729969512
APARECIDA,-22.91412296407478,-45.23720880518991
APARECIDA D'OESTE,-20.47886391092612,-50.922072299783146
APIAÍ,-24.42144196044859,-48.81734518288835
ARAÇARIGUAMA,-23.434440990074357,-47.072379991714506
ARAÇATUBA,-21.113759474898124,-50.574556600823705
ARAÇOIABA DA SERRA,-23.543883243421863,-47.651512974575006
ARAMINA,-20.144871395423444,-47.82062911079585
ARANDU,-23.177667087204842,-49.064003826155215
ARAPEÍ,-22.672969807451015,-44.43856052046086
ARARAQUARA,-21.79164877678001,-48.18127562530799
ARARAS,-22.346101847329166,-47.32390276694637
ARCO-ÍRIS,-21.766341036883528,-50.43089230009208
AREALVA,-22.076216256119476,-48.98187658264389
AREIAS,-22.673185559295465,-44.71236346081492
AREIÓPOLIS,-22.631728133916358,-48.652846507158145
ARIRANHA,-21.185650997700098,-48.77920331274151
ARTUR NOGUEIRA,-22.561248056915495,-47.132135909003736
ARUJÁ,-23.385988274137983,-46.318991850738655
ASPÁSIA,-20.183519947105342,-50.72807609348732
ASSIS,-22.601740045880167,-50.420712060195754
ATIBAIA,-23.12334512726012,-46.586826051660914
AURIFLAMA,-20.644100094681864,-50.57997712437033
AVAÍ,-22.187181807747745,-49.31623015731264
AVANHANDAVA,-21.460519685023222,-49.947326080018065
AVARÉ,-23.075232102989805,-48.89402602335443
BADY BASSITT,-20.931535876223162,-49.43765124613241
BALBINOS,-21.89237640639215,-49.3330738575031
BÁLSAMO,-20.709566720241313,-49.55193180853485
BANANAL,-22.73381365556298,-44.334456703575476
BARÃO DE ANTONINA,-23.5828926713832,-49.571920186454584
BARBOSA,-21.29073203036787,-49.92198651370869
BARIRI,-22.066790373885844,-48.71883049806078
BARRA BONITA,-22.47941078833868,-48.54174208710416
BARRA DO CHAPÉU,-24.443839516949197,-49.08524363173462
BARRA DO TURVO,-24.88867750528883,-48.4269594109524
BARRETOS,-20.514157731123756,-48.651988379972515
BARRINHA,-21.232534569525058,-48.095068360592606
BARUERI,-23.505255534927745,-46.87723974187462
BASTOS,-21.950267210871875,-50.74391797059087
BATATAIS,-20.867781855037546,-47.57475156907729
BAURU,-22.25390214035139,-49.12613417957778
BEBEDOURO,-20.94044419728573,-48.510735135984
BENTO DE ABREU,-21.33168926220131,-50.86191323918103
BERNARDINO DE CAMPOS,-23.030860283215656,-49.49186090226443
BERTIOGA,-23.759818593524574,-46.03006151895095
BILAC,-21.42770737589863,-50.47927861211868
BIRIGUI,-21.261674456792285,-50.35100231087831
BIRITIBA MIRIM,-23.624159515799796,-46.02133143706776
BOA ESPERANÇA DO SUL,-21.934990915360537,-48.46362199899812
BOCAINA,-22.105468243209902,-48.52903846388289
BOFETE,-23.12901087723552,-48.2858699339667
BOITUVA,-23.28767473903063,-47.67493761171805
BOM JESUS DOS PERDÕES,-23.17253106245514,-46.47902735454813
BOM SUCESSO DE ITARARÉ,-24.316036214718824,-49.16471541615129
BORÁ,-22.244174548763464,-50.50212475250972
BORACÉIA,-22.17004327753414,-48.788384186510264
BORBOREMA,-21.61077987096444,-49.072013285628174
BOREBI,-22.680598188138628,-48.992328356514456
BOTUCATU,-22.863415119136057,-48.46830005204426
BRAGANÇA PAULISTA,-22.93840457785568,-46.55604377762011
BRAÚNA,-21.553263209185882,-50.33943305844895
BREJO ALEGRE,-21.176604161413085,-50.20980292515635
BRODOWSKI,-21.04951895819022,-47.62771644634353
BROTAS,-22.273351389769992,-48.08123374657156
BURI,-23.752042307276422,-48.57528930210665
BURITAMA,-21.049078306563437,-50.200270670703866
BURITIZAL,-20.2093052312543,-47.692953982796965
CABRÁLIA PAULISTA,-22.48952638210715,-49.37303618648272
CABREÚVA,-23.30126267027871,-47.08027375070479
CAÇAPAVA,-23.1037334663077,-45.713337563465885
CACHOEIRA PAULISTA,-22.70230098245353,-44.991711453989886
CACONDE,-21.539496576226735,-46.61710184866696
CAFELÂNDIA,-21.731193962132224,-49.54878312810462
CAIABU,-21.94983128984697,-51.223894578221774
CAIEIRAS,-23.37591457045654,-46.74522085214316
CAIUÁ,-21.801962272085998,-51.98684232459774
CAJAMAR,-23.35147369670849,-46.87200892449311
CAJATI,-24.771995636834653,-48.19498863354825
CAJOBI,-20.873702848616666,-48.83872888384993
CAJURU,-21.275961092710485,-47.31028749713635
CAMPINA DO MONTE ALEGRE,-23.606782920147747,-48.441907247643265
CAMPINAS,-22.88375462967212,-47.04385050266008
CAMPO LIMPO PAULISTA,-23.217935025673707,-46.76009480922693
CAMPOS DO JORDÃO,-22.701619789588808,-45.53302384727578
CAMPOS NOVOS PAULISTA,-22.610893093953933,-50.010210178298784
CANANÉIA,-25.018425750146783,-48.008568600775064
CANAS,-22.730173387898333,-45.041119006180146
CÂNDIDO MOTA,-22.808621154412023,-50.42170457835964
CÂNDIDO RODRIGUES,-21.342822583618343,-48.6286616507063
CANITAR,-23.018821693273598,-49.79191522655529
CAPÃO BONITO,-24.039208471589426,-48.28985769617089
CAPELA DO ALTO,-23.46743635793403,-47.73099995981248
CAPIVARI,-22.980708114913075,-47.47803609245237
CARAGUATATUBA,-23.639614540538318,-45.48784294559454
CARAPICUÍBA,-23.5500248525707,-46.841965402297745
CARDOSO,-20.067187734134524,-49.947507365640774
CASA BRANCA,-21.800531793435205,-47.0881383104147
CÁSSIA DOS COQUEIROS,-21.263258592147526,-47.143974085501966
CASTILHO,-20.897680082187367,-51.570240923832614
CATANDUVA,-21.13375793059679,-48.963683027470815
CATIGUÁ,-21.062806755334464,-49.05275421881336
CEDRAL,-20.91395457221751,-49.26399518219339
CERQUEIRA CÉSAR,-23.059331289967897,-49.143785247965326
CERQUILHO,-23.187130117166213,-47.757096522839184
CESÁRIO LANGE,-23.216533790840078,-47.903891313082276
CHARQUEADA,-22.530140337504232,-47.746302592142534
CLEMENTINA,-21.570301291882004,-50.46008040988635
COLINA,-20.746197918380947,-48.588983979865375
COLÔMBIA,-20.266878475630147,-48.72174570136277
CONCHAL,-22.369286435079093,-47.14115986418161
CONCHAS,-22.96562589666452,-48.04706532576398
CORDEIRÓPOLIS,-22.47946330371184,-47.41482264409287
COROADOS,-21.375628027199355,-50.30346576527102
CORONEL MACEDO,-23.63016586923319,-49.30680794348496
CORUMBATAÍ,-22.23638865474702,-47.6110795244415
COSMÓPOLIS,-22.651712620341094,-47.186389453798
COSMORAMA,-20.44252705013088,-49.774578066513584
COTIA,-23.67513095448984,-46.960442116404344
CRAVINHOS,-21.33955682576355,-47.74456099587225
CRISTAIS PAULISTA,-20.371320302301385,-47.40088578271529
CRUZÁLIA,-22.738048035673877,-50.76910501715964
CRUZEIRO,-22.551360094916244,-45.00630540448842
CUBATÃO,-23.865861757136603,-46.408203324505095
CUNHA,-23.0528830323065,-44.942119318977255
DESCALVADO,-21.881201882995082,-47.65462679510125
DIADEMA,-23.697119894503846,-46.611342232065795
DIRCE REIS,-20.448476447938916,-50.62811255761847
DIVINOLÂNDIA,-21.66169438306521,-46.69742186706278
DOBRADA,-21.5161899685563,-48.357470068121565
DOIS CÓRREGOS,-22.396027807001126,-48.340487944793225
DOLCINÓPOLIS,-20.117286181340447,-50.528326275435845
DOURADO,-22.117247408797528,-48.33339742310778
DRACENA,-21.556660257709844,-51.584089957078206
DUARTINA,-22.39329618225749,-49.413337965748944
DUMONT,-21.247090743196424,-47.979778981867476
ECHAPORÃ,-22.448328387750532,-50.200688466980864
ELDORADO,-24.495052468849497,-48.233612406032954
ELIAS FAUSTO,-23.070627050340793,-47.37068693642994
ELISIÁRIO,-21.161332598706032,-49.092055310590986
EMBAÚBA,-20.95292098209009,-48.84759627372775
EMBU DAS ARTES,-23.651376390921545,-46.85149343198906
EMBU-GUAÇU,-23.854342861870297,-46.830693803981774
EMILIANÓPOLIS,-21.800943546322976,-51.47217475457808
ENGENHEIRO COELHO,-22.487134815242772,-47.174869672322394
ESPÍRITO SANTO DO PINHAL,-22.19238710011855,-46.79332044201986
ESPÍRITO SANTO DO TURVO,-22.67083677357592,-49.43297905641913
ESTRELA D'OESTE,-20.265699608942697,-50.411515875757765
ESTRELA DO NORTE,-22.485632374634545,-51.669064975771214
EUCLIDES DA CUNHA PAULISTA,-22.518941679620482,-52.58868021673846
FARTURA,-23.390146455675964,-49.51965684147714
FERNANDÓPOLIS,-20.27181183233714,-50.282981465864005
FERNANDO PRESTES,-21.31023633910717,-48.695654857015036
FERNÃO,-22.36582381713011,-49.54248170749305
FERRAZ DE VASCONCELOS,-23.560900940393182,-46.37395686008517
FLORA RICA,-21.698493245195134,-51.37421263404535
FLOREAL,-20.669707616271854,-50.15492910379018
FLÓRIDA PAULISTA,-21.540032903925567,-51.17069544693414
FLORÍNEA,-22.881241262211244,-50.69537797553145
FRANCA,-20.55528590930141,-47.38106244956787
FRANCISCO MORATO,-23.273752357285726,-46.72364053645302
FRANCO DA ROCHA,-23.31419125034257,-46.73574070582422
GABRIEL MONTEIRO,-21.499655173720264,-50.56481162190065
GÁLIA,-22.320431935573325,-49.577756695970635
GARÇA,-22.23097714453318,-49.68964395240264
GASTÃO VIDIGAL,-20.804271426026858,-50.20265163020323
GAVIÃO PEIXOTO,-21.791652443187274,-48.44798050265957
GENERAL SALGADO,-20.63823581030406,-50.41580867260545
GETULINA,-21.783229747033243,-50.0279430362307
GLICÉRIO,-21.340310788114923,-50.19893667372876
GUAIÇARA,-21.56953311269837,-49.76269415978017
GUAIMBÊ,-21.8785559731063,-49.86069561356068
GUAÍRA,-20.31406189786117,-48.3641231813426
GUAPIAÇU,-20.742839523116135,-49.189926890117135
GUAPIARA,-24.21251784977663,-48.55581649837299
GUARÁ,-20.482549060627317,-47.775266797854734
GUARAÇAÍ,-21.086420880398613,-51.27944078602276
GUARACI,-20.37477670451618,-49.00278413648353
GUARANI D'OESTE,-20.066901860997493,-50.34469732010156
GUARANTÃ,-21.916119544386518,-49.58841721605784
GUARARAPES,-21.285288849410545,-50.69516599871638
GUARAREMA,-23.42757527202117,-46.05856184682488
GUARATINGUETÁ,-22.79351575635198,-45.23283400593533
GUAREÍ,-23.370492497345072,-48.21912328875277
GUARIBA,-21.39590792515991,-48.22646088643699
GUARUJÁ,-23.95127681984519,-46.23519578256427
GUARULHOS,-23.402690779615035,-46.45484853149263
GUATAPARÁ,-21.453323255174094,-47.979891508129924
GUZOLÂNDIA,-20.62853072717233,-50.71359545045616
HERCULÂNDIA,-21.96236101127608,-50.37320661559711
HOLAMBRA,-22.63036785918212,-47.0650552715847
HORTOLÂNDIA,-22.878488186855943,-47.20778417164769
IACANGA,-21.890938577684423,-49.03963251358208
IACRI,-21.799847771916962,-50.61946526628663
IARAS,-22.81920947553461,-49.106805418515115
IBATÉ,-21.950946542132826,-48.02722539298867
IBIRÁ,-21.07474754135601,-49.22040205137919
IBIRAREMA,-22.813305791458237,-50.07687464522807
IBITINGA,-21.792904109828566,-48.84787514509825
IBIÚNA,-23.802397271232834,-47.21526983411925
ICÉM,-20.36720837271901,-49.18535892822208
IEPÊ,-22.648571952257385,-51.0571628832196
IGARAÇU DO TIETÊ,-22.541683430710098,-48.57458071293132
IGARAPAVA,-20.063678450697726,-47.68243181443347
IGARATÁ,-23.13484504503989,-46.15035891250303
IGUAPE,-24.549489178402936,-47.474325947344546
ILHABELA,-23.848513586928146,-45.32327897947999
ILHA COMPRIDA,-24.85893319681495,-47.71517936220872
ILHA SOLTEIRA,-20.431421826491473,-51.25903581267859
INDAIATUBA,-23.10604595368228,-47.202564346250135
INDIANA,-22.133269032603014,-51.262554674718494
INDIAPORÃ,-19.947945706718148,-50.263658359057885
INÚBIA PAULISTA,-21.739039131344093,-50.95746304693608
IPAUSSU,-23.065069609211942,-49.60810898116807
IPERÓ,-23.404459238715923,-47.629179725537426
IPEÚNA,-22.423900870405813,-47.71608101457925
IPIGUÁ,-20.64803963921572,-49.40350288663639
IPORANGA,-24.512690295986182,-48.546306231895535
IPUÃ,-20.417543857185322,-48.06649191324341
IRACEMÁPOLIS,-22.593668060573986,-47.52421765110255
IRAPUÃ,-21.26771938544781,-49.39742694224577
IRAPURU,-21.484279554875116,-51.34648440873374
ITABERÁ,-23.87134207072438,-49.14246205251701
ITAÍ,-23.471448311734612,-49.054176374492286
ITAJOBI,-21.35556738838168,-49.05367426706421
ITAJU,-21.951639475833126,-48.79402943890897
ITANHAÉM,-24.092243173301277,-46.83454176100629
ITAOCA,-24.617831169727936,-48.838943725848075
ITAPECERICA DA SERRA,-23.737248021455102,-46.85890089698446
ITAPETININGA,-23.645459249101012,-48.12324890604748
ITAPEVA,-23.914073947063937,-48.87172192791902
ITAPEVI,-23.550960934981102,-46.96767488143577
ITAPIRA,-22.43191901700298,-46.77209486102376
ITAPIRAPUÃ PAULISTA,-24.56903685908897,-49.22297072316897
ITÁPOLIS,-21.548117477608496,-48.815438600250786
ITAPORANGA,-23.672909641229523,-49.458491028813626
ITAPUÍ,-22.25085648090182,-48.70136837667732
ITAPURA,-20.594995930006185,-51.440467309092554
ITAQUAQUECETUBA,-23.46148865888117,-46.333939790319796
ITARARÉ,-24.080529041999934,-49.30353280250751
ITARIRI,-24.29261927628642,-47.128052688435176
ITATIBA,-23.006655670223566,-46.814344006867735
ITATINGA,-23.153626808204564,-48.62939317137699
ITIRAPINA,-22.29456185885081,-47.83404695621306
ITIRAPUÃ,-20.657593501276462,-47.16929156442715
ITOBI,-21.74910051186251,-46.92198288457782
ITU,-23.307105570388686,-47.284552012245975
ITUPEVA,-23.14652030330525,-47.068448710003416
ITUVERAVA,-20.329489511378576,-47.80959912009782
JABORANDI,-20.650023712422175,-48.41601146592689
JABOTICABAL,-21.218344616432812,-48.28792826962065
JACAREÍ,-23.29889332095671,-45.99056553731546
JACI,-20.94525934933112,-49.581155482003126
JACUPIRANGA,-24.777292561970803,-48.05384384168971
JAGUARIÚNA,-22.691984061065416,-47.01273062888345
JALES,-20.28576047883891,-50.55412587606801
JAMBEIRO,-23.2793213376618,-45.710655409024824
JANDIRA,-23.54412577224017,-46.89973388013218
JARDINÓPOLIS,-20.99198935726371,-47.82605542356114
JARINU,-23.111962796335142,-46.72136358514448
JAÚ,-22.29603162055341,-48.555961585768834
JERIQUARA,-20.340160846087183,-47.574111708403656
JOANÓPOLIS,-22.938840231941697,-46.209240538711825
JOÃO RAMALHO,-22.277959016147307,-50.799130178779826
JOSÉ BONIFÁCIO,-21.08946542439615,-49.7794255587372
JÚLIO MESQUITA,-21.972966167124792,-49.793303825764966
JUMIRIM,-23.099541182660875,-47.78806406612945
JUNDIAÍ,-23.194642070838306,-46.913022094318045
JUNQUEIRÓPOLIS,-21.448950074312062,-51.43502306668989
JUQUIÁ,-24.21360326501693,-47.65225755282512
JUQUITIBA,-23.955166254475117,-47.024639384508276
LAGOINHA,-23.085789419333167,-45.20681279078655
LARANJAL PAULISTA,-23.012212684069915,-47.865669297931895
LAVÍNIA,-21.150789649305974,-51.03262608320902
LAVRINHAS,-22.520272749552994,-44.8888318996586
LEME,-22.172137546511845,-47.33757873418728
LENÇÓIS PAULISTA,-22.676139498435653,-48.82500641587971
LIMEIRA,-22.59844490578161,-47.363607939272406
LINDÓIA,-22.513439753733593,-46.654866381877
LINS,-21.64976052961467,-49.68287517604832
LORENA,-22.79394269849691,-45.060045704876224
LOURDES,-20.949172481187105,-50.234093522667216
LOUVEIRA,-23.08403314503618,-46.93761030442023
LUCÉLIA,-21.64416541374654,-50.99165598658091
LUCIANÓPOLIS,-22.47339308495631,-49.55030253145508
LUÍS ANTÔNIO,-21.55270649792477,-47.78186066894058
LUIZIÂNIA,-21.672625855098154,-50.350862836191986
LUPÉRCIO,-22.42715368236089,-49.81697113999226
LUTÉCIA,-22.32533376366112,-50.385488984740206
MACATUBA,-22.487170475985177,-48.719366822828526
MACAUBAL,-20.8378858921879,-49.97498192699153
MACEDÔNIA,-20.098124834527912,-50.18153249478936
MAGDA,-20.596553848518095,-50.23008745153368
MAIRINQUE,-23.508006027734837,-47.22929406196817
MAIRIPORÃ,-23.31725814658327,-46.561255687318344
MANDURI,-23.047090914046752,-49.303626823489914
MARABÁ PAULISTA,-22.127697406125552,-52.05656326409708
MARACAÍ,-22.65224597333346,-50.74534515992604
MARAPOAMA,-21.255529247979304,-49.13780512759752
MARIÁPOLIS,-21.779161526687005,-51.17179897342801
MARÍLIA,-22.177757180774996,-49.98307543696525
MARINÓPOLIS,-20.479870539445525,-50.83232158319273
MARTINÓPOLIS,-22.172385225939188,-51.12341771286254
MATÃO,-21.61010709078387,-48.43015719899893
MAUÁ,-23.66616595252479,-46.44632554821358
MENDONÇA,-21.194058662105803,-49.57030812113649
MERIDIANO,-20.398203979472104,-50.18663372130989
MESÓPOLIS,-19.957507792034182,-50.615451480898635
MIGUELÓPOLIS,-20.18468768184478,-48.105405599194185
MINEIROS DO TIETÊ,-22.463235341064177,-48.43321224178899
MIRACATU,-24.19505254094398,-47.394648983912305
MIRA ESTRELA,-19.951845784892157,-50.12430131404896
MIRANDÓPOLIS,-21.081099645005718,-51.13056383643889
MIRANTE DO PARANAPANEMA,-22.349241367343325,-51.99796953207556
MIRASSOL,-20.827596996339494,-49.50424270105215
MIRASSOLÂNDIA,-20.59496479653752,-49.48696529463995
MOCOCA,-21.449557071375807,-47.03287442068186
MOGI DAS CRUZES,-23.56959267856692,-46.18606608156975
MOGI GUAÇU,-22.23209467801369,-47.02894137671279
MOGI MIRIM,-22.451324890886575,-46.988377578606254
MOMBUCA,-22.942703803827683,-47.60207256775129
MONÇÕES,-20.863115693079543,-50.07946639895266
MONGAGUÁ,-24.070288579340552,-46.66805271333186
MONTE ALEGRE DO SUL,-22.70430412320707,-46.66765379360022
MONTE ALTO,-21.259308776718044,-48.533017748432044
MONTE APRAZÍVEL,-20.7376016690713,-49.765842878756196
MONTE AZUL PAULISTA,-20.908887129004793,-48.681281301364834
MONTE CASTELO,-21.25490065749103,-51.57136182877439
MONTEIRO LOBATO,-22.936514871406438,-45.80425881474128
MONTE MOR,-22.95323375980169,-47.307396523863964
MORRO AGUDO,-20.68874900268736,-48.15331125455092
MORUNGABA,-22.893870217404178,-46.78264524108956
MOTUCA,-21.513733997898935,-48.170361244619
MURUTINGA DO SUL,-20.99681513541783,-51.30139143212797
NANTES,-22.59687474528282,-51.20088490116224
NARANDIBA,-22.5637108876495,-51.52168524483665
NATIVIDADE DA SERRA,-23.415148001995675,-45.381539969112936
NAZARÉ PAULISTA,-23.191415785907648,-46.366493534574786
NEVES PAULISTA,-20.870469073724358,-49.646475107935686
NHANDEARA,-20.672988644115613,-50.04687953825892
NIPOÃ,-20.8916634006589,-49.7783309347243
NOVA ALIANÇA,-21.062588237158483,-49.5158873260116
NOVA CAMPINA,-24.190574355008884,-48.97291800754103
NOVA CANAÃ PAULISTA,-20.372034436309008,-50.91050061609491
NOVA CASTILHO,-20.777878539957285,-50.3457950207295
NOVA EUROPA,-21.774294471039596,-48.54963491085547
NOVA GRANADA,-20.476008913404385,-49.33112878009114
NOVA GUATAPORANGA,-21.322435737119974,-51.64553252002957
NOVA INDEPENDÊNCIA,-21.13533969163807,-51.5051713298794
NOVAIS,-20.988581975800354,-48.91803833698487
NOVA LUZITÂNIA,-20.86868756245169,-50.24926344169026
NOVA ODESSA,-22.78413124467213,-47.28515205154769
NOVO HORIZONTE,-21.46922925170896,-49.28383256136978
NUPORANGA,-20.70470791216834,-47.729069297033554
OCAUÇU,-22.438101240760478,-49.93793163729364
ÓLEO,-22.953665276442923,-49.38306551511991
OLÍMPIA,-20.705278193765107,-48.959576583558864
ONDA VERDE,-20.617376485208045,-49.24367775336711
ORIENTE,-22.142093793191165,-50.09382496323366
ORINDIÚVA,-20.201577206375806,-49.35552456231347
ORLÂNDIA,-20.697911281374175,-47.90583423415648
OSASCO,-23.5286739170721,-46.78922119734681
OSCAR BRESSANE,-22.2953336806151,-50.25729061028271
OSVALDO CRUZ,-21.73263517878023,-50.873869658841585
OURINHOS,-22.952713642009265,-49.85245115171123
OUROESTE,-19.922396521705966,-50.40197620260174
OURO VERDE,-21.510393386814606,-51.737929985719745
PACAEMBU,-21.495499189204864,-51.27416437781326
PALESTINA,-20.32116975483449,-49.49761721922303
PALMARES PAULISTA,-21.104568480423126,-48.82665570396742
PALMEIRA D'OESTE,-20.438840174331546,-50.748753109728845
PALMITAL,-22.828754331955647,-50.2208526818062
PANORAMA,-21.463291941458703,-51.85806406099166
PARAGUAÇU PAULISTA,-22.45902406120585,-50.626569318805714
PARAIBUNA,-23.47839207712421,-45.64187428437045
PARAÍSO,-21.019656437995565,-48.76457955647526
PARANAPANEMA,-23.43852183315635,-48.7951879132714
PARANAPUÃ,-20.06373156316382,-50.59393006435217
PARAPUÃ,-21.853001507067106,-50.82175549405066
PARDINHO,-23.102138006302788,-48.40181768910194
PARIQUERA-AÇU,-24.67830761995131,-47.8500602129833
PARISI,-20.271622127976308,-50.03737619962657
PATROCÍNIO PAULISTA,-20.704170514386444,-47.28942266470634
PAULICÉIA,-21.198380780675382,-51.790747089269665
PAULÍNIA,-22.74843471198564,-47.145089210448155
PAULISTÂNIA,-22.568364190447973,-49.30553433047965
PAULO DE FARIA,-20.066605833019835,-49.46337187319049
PEDERNEIRAS,-22.301311159230448,-48.861091950041654
PEDRA BELA,-22.77580338883477,-46.44178917538811
PEDRANÓPOLIS,-20.210159606857886,-50.10695754162016
PEDREGULHO,-20.205556562073475,-47.439063187102214
PEDREIRA,-22.754739050910555,-46.88846839790254
PEDRINHAS PAULISTA,-22.816848800276535,-50.80243098840552
PEDRO DE TOLEDO,-24.163707956628386,-47.16349760758703
PENÁPOLIS,-21.405399743272397,-50.095717781680406
PEREIRA BARRETO,-20.677746455955873,-51.10647432807747
PEREIRAS,-23.120453065494555,-47.978868292518186
PERUÍBE,-24.27932907223464,-47.012938388040574
PIACATU,-21.57140318235969,-50.643509961521964
PIEDADE,-23.786940455459014,-47.4381115856554
PILAR DO SUL,-23.856415764270352,-47.72810220419072
PINDAMONHANGABA,-22.879999513636946,-45.459244108741565
PINDORAMA,-21.209731881675253,-48.911589430325066
PINHALZINHO,-22.77880330657267,-46.57340935164277
PIQUEROBI,-21.852616645269613,-51.731554526066624
PIQUETE,-22.590330140365996,-45.17389870165638
PIRACAIA,-23.04690725252946,-46.302349933132284
PIRACICABA,-22.726438283225082,-47.78399285423951
PIRAJU,-23.186884657732374,-49.36613887933833
PIRAJUÍ,-21.957559924219193,-49.4135560749763
PIRANGI,-21.093897164918396,-48.66934216347642
PIRAPORA DO BOM JESUS,-23.378229033466237,-46.9849090761184
PIRAPOZINHO,-22.47931113000145,-51.61989512162365
PIRASSUNUNGA,-21.99596232959517,-47.389993496778
PIRATININGA,-22.42493605486561,-49.19177045069848
PITANGUEIRAS,-21.006144606657827,-48.24945680140301
PLANALTO,-21.001222020379963,-49.9359447313822
PLATINA,-22.6252903591659,-50.212734993728795
POÁ,-23.5303799094422,-46.34672053443207
POLONI,-20.752347051857637,-49.819925348868054
POMPÉIA,-22.029107388127837,-50.18772825100219
PONGAÍ,-21.730202336641746,-49.35895549030907
PONTAL,-20.98454147939517,-48.06445207398152
PONTALINDA,-20.4506750008317,-50.52507289924275
PONTES GESTAL,-20.174873718369284,-49.757299616262905
POPULINA,-19.90734060470203,-50.51736002696129
PORANGABA,-23.173861061865694,-48.117361962931774
PORTO FELIZ,-23.230341802961807,-47.516888333421115
PORTO FERREIRA,-21.84260351298844,-47.44725747143652
POTIM,-22.825169285764137,-45.303424245881295
POTIRENDABA,-21.07549311251995,-49.39171018527326
PRACINHA,-21.83764496589617,-51.0752967381736
PRADÓPOLIS,-21.344368428290622,-48.086054414810896
PRAIA GRANDE,-24.01581134208146,-46.522672651731895
PRATÂNIA,-22.818537416450567,-48.69684487369585
PRESIDENTE ALVES,-22.122199626041134,-49.43184604764971
PRESIDENTE BERNARDES,-22.107279517516506,-51.620279135930105
PRESIDENTE EPITÁCIO,-21.910590736922952,-52.17482353510468
PRESIDENTE PRUDENTE,-21.993220531561956,-51.34313791821254
PRESIDENTE VENCESLAU,-21.793015928185074,-51.838369301279236
PROMISSÃO,-21.52460941372162,-49.870460443323026
QUADRA,-23.300992407330124,-48.038584436964705
QUATÁ,-22.205884435790423,-50.645291199707366
QUEIROZ,-21.80057235467524,-50.245249966523104
QUELUZ,-22.504325210240804,-44.785313329126524
QUINTANA,-22.100177113222234,-50.36928201445504
RAFARD,-23.04518360257352,-47.58373678897416
RANCHARIA,-22.282745270102346,-50.928287499389114
REDENÇÃO DA SERRA,-23.253718496814756,-45.526201847403456
REGENTE FEIJÓ,-22.252571325286084,-51.29405857260339
REGINÓPOLIS,-21.88328101998581,-49.18048713320202
REGISTRO,-24.504013046703797,-47.82073883047143
RESTINGA,-20.648200730679676,-47.50596778004075
RIBEIRA,-24.607352904186737,-49.0365958154322
RIBEIRÃO BONITO,-22.060100210725373,-48.18534315358101
RIBEIRÃO BRANCO,-24.25612597995224,-48.778092793026396
RIBEIRÃO CORRENTE,-20.448953810637164,-47.57326757352862
RIBEIRÃO DO SUL,-22.751617225711232,-49.922563259751456
RIBEIRÃO DOS ÍNDIOS,-21.784232042851198,-51.58334484275999
RIBEIRÃO GRANDE,-24.188656736194066,-48.35875869890065
RIBEIRÃO PIRES,-23.701054053728477,-46.40279763636069
RIBEIRÃO PRETO,-21.210833967505163,-47.82130713853017
RIVERSUL,-23.846859063136375,-49.44782064617311
RIFAINA,-20.06085295992551,-47.44086435771022
RINCÃO,-21.593881690081457,-48.03211438580335
RINÓPOLIS,-21.681147614976936,-50.71747972090235
RIO CLARO,-22.37387578487626,-47.57994577077924
RIO DAS PEDRAS,-22.85035928918331,-47.598471557057756
RIO GRANDE DA SERRA,-23.73784315393807,-46.37949062606861
RIOLÂNDIA,-20.023514428486703,-49.70914121534075
ROSANA,-22.489158995139913,-52.83695747775714
ROSEIRA,-22.932987015913564,-45.30245105823674
RUBIÁCEA,-21.36084802049593,-50.78581870833322
RUBINÉIA,-20.249824020389745,-51.01837353979991
SABINO,-21.47096399152934,-49.57557653317064
SAGRES,-21.86784431364536,-50.99035914600813
SALES,-21.347285175181803,-49.50276794661311
SALES OLIVEIRA,-20.831445342545134,-47.85459497397982
SALESÓPOLIS,-23.58021132031585,-45.84260226889237
SALMOURÃO,-21.587985194911745,-50.876243538747055
SALTINHO,-22.87116795537535,-47.73174818871902
SALTO,-23.180456908930786,-47.30265340298959
SALTO DE PIRAPORA,-23.652793438631953,-47.580701563718904
SALTO GRANDE,-22.870809253077095,-49.96086270453642
SANDOVALINA,-22.477854835057784,-51.84217318174108
SANTA ADÉLIA,-21.31778630183588,-48.81903174277851
SANTA ALBERTINA,-20.014159841473358,-50.72766537684354
SANTA BÁRBARA D'OESTE,-22.800614638384666,-47.428047934007715
SANTA BRANCA,-23.426453526683378,-45.86333460559833
SANTA CLARA D'OESTE,-20.066885091765155,-50.908400583348964
SANTA CRUZ DA CONCEIÇÃO,-22.121373986372742,-47.48558197281668
SANTA CRUZ DA ESPERANÇA,-21.27484944903094,-47.43964425513406
SANTA CRUZ DAS PALMEIRAS,-21.855554184324987,-47.25012836528146
SANTA CRUZ DO RIO PARDO,-22.809329798033055,-49.569016448793775
SANTA ERNESTINA,-21.452603813225164,-48.366723806084785
SANTA FÉ DO SUL,-20.241930141506263,-50.950140149561406
SANTA GERTRUDES,-22.47509731904302,-47.52126951846696
SANTA ISABEL,-23.288928201689846,-46.24229273867857
SANTA LÚCIA,-21.670711850834337,-48.05744335667004
SANTA MARIA DA SERRA,-22.564419864702227,-48.15421709283448
SANTA MERCEDES,-21.316731525539097,-51.73712609404846
SANTANA DA PONTE PENSA,-20.26078232693549,-50.797119041730014
SANTANA DE PARNAÍBA,-23.449416849782466,-46.91680954228449
SANTA RITA D'OESTE,-20.09713026605314,-50.81271452969104
SANTA RITA DO PASSA QUATRO,-21.6824860810959,-47.50801049826729
SANTA ROSA DE VITERBO,-21.50379992029866,-47.3662758396088
SANTA SALETE,-20.258635605950477,-50.7200352174141
SANTO ANASTÁCIO,-22.0376204567742,-51.72248299175277
SANTO ANDRÉ,-23.72791620075682,-46.441613245541916
SANTO ANTÔNIO DA ALEGRIA,-21.09241396472632,-47.19580707151021
SANTO ANTÔNIO DE POSSE,-22.603272238354425,-46.9498878471616
SANTO ANTÔNIO DO ARACANGUÁ,-20.872960356704947,-50.55432084703797
SANTO ANTÔNIO DO JARDIM,-22.130395876423727,-46.6833037965232
SANTO ANTÔNIO DO PINHAL,-22.831788990701234,-45.69799605340535
SANTO EXPEDITO,-21.82479649406158,-51.37017774437436
SANTÓPOLIS DO AGUAPEÍ,-21.660187548641744,-50.518001495474714
SANTOS,-23.869006823157495,-46.291600444477346
SÃO BENTO DO SAPUCAÍ,-22.681508067983142,-45.68680689829295
SÃO BERNARDO DO CAMPO,-23.812949449903858,-46.55086085363251
SÃO CAETANO DO SUL,-23.626190040204996,-46.566126869915124
SÃO CARLOS,-21.918964742270404,-47.86718864890366
SÃO FRANCISCO,-20.365754468355973,-50.67585112815205
SÃO JOÃO DA BOA VISTA,-21.9779702227332,-46.80211481218899
SÃO JOÃO DAS DUAS PONTES,-20.408323402370357,-50.38339539411416
SÃO JOÃO DE IRACEMA,-20.520754746569946,-50.35627240653543
SÃO JOÃO DO PAU D'ALHO,-21.22346062119782,-51.67307340753269
SÃO JOAQUIM DA BARRA,-20.550555512292835,-47.93858542419403
SÃO JOSÉ DA BELA VISTA,-20.587495684986482,-47.62718278037951
SÃO JOSÉ DO BARREIRO,-22.748825166595324,-44.587218732930744
SÃO JOSÉ DO RIO PARDO,-21.603686947717026,-46.87946525836802
SÃO JOSÉ DO RIO PRETO,-20.79730923574787,-49.35808567849619
SÃO JOSÉ DOS CAMPOS,-23.090621889446712,-45.92854620964784
SÃO LOURENÇO DA SERRA,-23.85242641464688,-46.936344475258416
SÃO LUIZ DO PARAITINGA,-23.240133907946568,-45.25379765865803
SÃO MANUEL,-22.682249502474818,-48.54047037750605
SÃO MIGUEL ARCANJO,-23.913960583487267,-47.993395329216426
SÃO PAULO,-23.6500377549363,-46.64813247602721
SÃO PEDRO,-22.55809611879531,-47.92466399057304
SÃO PEDRO DO TURVO,-22.67898333751379,-49.77226441425841
SÃO ROQUE,-23.549001348797738,-47.1095720300879
SÃO SEBASTIÃO,-23.754324520559493,-45.60676653857544
SÃO SEBASTIÃO DA GRAMA,-21.753976115035503,-46.753102410156586
SÃO SIMÃO,-21.46144313872042,-47.568379275656895
SÃO VICENTE,-23.959163334478443,-46.48802690354349
SARAPUÍ,-23.66434543000492,-47.785754813308635
SARUTAIÁ,-23.25762939961828,-49.481696980387525
SEBASTIANÓPOLIS DO SUL,-20.629240866511598,-49.91582628136468
SERRA AZUL,-21.315994087004658,-47.54971893778243
SERRANA,-21.21688664008934,-47.612452733730066
SERRA NEGRA,-22.58906090336958,-46.68732167590188
SERTÃOZINHO,-21.12293176402706,-48.008935436744665
SETE BARRAS,-24.273961534105357,-47.93414692937734
SEVERÍNIA,-20.793191932186208,-48.79357010061635
SILVEIRAS,-22.734669219020393,-44.84094184155601
SOCORRO,-22.611256139237717,-46.52441967516901
SOROCABA,-23.464517689055953,-47.44675266784865
SUD MENNUCCI,-20.667584547297867,-50.90086855745173
SUMARÉ,-22.84184514345863,-47.262993264869074
SUZANO,-23.608369355571345,-46.3104616302079
SUZANÁPOLIS,-20.472839880897947,-51.075603543400334
TABAPUÃ,-20.931786800799408,-49.0289968998657
TABATINGA,-21.712485251658233,-48.62909650258877
TABOÃO DA SERRA,-23.620596249758776,-46.78624235415533
TACIBA,-22.504872527925027,-51.34230145579011
TAGUAÍ,-23.474474755406526,-49.39741316530552
TAIAÇU,-21.13221569328318,-48.530229702275
TAIÚVA,-21.132660519128965,-48.42825262006178
TAMBAÚ,-21.601763181637157,-47.23906042503743
TANABI,-20.531187184546845,-49.64650059761476
TAPIRAÍ,-24.00868819684129,-47.619449866783135
TAPIRATIBA,-21.450764372833582,-46.74181254530507
TAQUARAL,-21.069261974825523,-48.399424802539606
TAQUARITINGA,-21.425548256207776,-48.5379022368533
TAQUARITUBA,-23.530184327221367,-49.23460745649006
TAQUARIVAÍ,-23.943342201278938,-48.68798237286992
TARABAI,-22.358033902808263,-51.625862286353325
TARUMÃ,-22.763508590381473,-50.60145162038571
TATUÍ,-23.36207285376766,-47.86960436725602
TAUBATÉ,-23.08714066598452,-45.502443493624696
TEJUPÁ,-23.34253051644646,-49.3065922315779
TEODORO SAMPAIO,-22.416655167183276,-52.3740439415101
TERRA ROXA,-20.7787129144903,-48.345745661967314
TIETÊ,-23.049520622076027,-47.707627595733435
TIMBURI,-23.195839576199905,-49.6103314974851
TORRE DE PEDRA,-23.25008224112115,-48.21269515601123
TORRINHA,-22.44463030834876,-48.16445120010375
TRABIJU,-22.03232261124197,-48.34525773033692
TREMEMBÉ,-22.94085643085796,-45.60417996859178
TRÊS FRONTEIRAS,-20.273640267190505,-50.86960389392254
TUIUTI,-22.83030296116795,-46.687638039866115
TUPÃ,-21.947294180670948,-50.53468948658967
TUPI PAULISTA,-21.39042879569448,-51.58722782505314
TURIÚBA,-20.94051890166237,-50.11120174034081
TURMALINA,-20.08352503037844,-50.456783998656164
UBARANA,-21.21979984209955,-49.74821410573606
UBATUBA,-23.381261419318342,-45.02422286707358
UBIRAJARA,-22.544285837145775,-49.66593344232063
UCHOA,-20.93698986871769,-49.15777320705255
UNIÃO PAULISTA,-20.890522523554424,-49.887252491782384
URÂNIA,-20.20880445406896,-50.65243477516954
URU,-21.765872776141318,-49.29631921864384
URUPÊS,-21.205197860254174,-49.26520928976923
VALENTIM GENTIL,-20.420576171311655,-50.101757351980154
VALINHOS,-22.97507077172957,-46.98133580534274
VALPARAÍSO,-21.203075353088586,-50.92385218838679
VARGEM,-22.890139107802682,-46.41461329343249
VARGEM GRANDE DO SUL,-21.860689330329855,-46.89894552276655
VARGEM GRANDE PAULISTA,-23.62089840539759,-47.0147404895695
VÁRZEA PAULISTA,-23.219242049094497,-46.825005749948026
VERA CRUZ,-22.23408909871702,-49.82620670457442
VINHEDO,-23.046499049121362,-46.97923525799996
VIRADOURO,-20.88432248155291,-48.30988425167617
VISTA ALEGRE DO ALTO,-21.176691815846638,-48.649498785820235
VITÓRIA BRASIL,-20.19827010674962,-50.48541826586541
VOTORANTIM,-23.57981823258596,-47.40668509876333
VOTUPORANGA,-20.457801172377028,-49.989114122560665
ZACARIAS,-21.125431264936125,-50.04937559671113
CHAVANTES,-23.04636935301988,-49.726569100029195
ESTIVA GERBI,-22.236012507097655,-46.94315232465094
