codigo_ibge,municipio,matriculas_anos_iniciais_municipal,matriculas_tempo_integral_municipal,pati
3500105.0,Adamantina,1199.0,344,0.28690575479566305
3500204.0,Adolfo,263.0,28,0.10646387832699619
3500303.0,Aguaí,1767.0,311,0.17600452744765138
3500402.0,Águas da Prata,347.0,0,0.0
3500501.0,Águas de Lindóia,934.0,544,0.582441113490364
3500550.0,Águas de Santa Bárbara,472.0,22,0.046610169491525424
3500600.0,Águas de São Pedro,267.0,267,1.0
3500709.0,Agudos,1963.0,232,0.11818644931227713
3500758.0,Alambari,385.0,0,0.0
3500808.0,Alfredo Marcondes,0.0,0,
3500907.0,Altair,181.0,79,0.43646408839779005
3501004.0,Altinópolis,888.0,465,0.5236486486486487
3501103.0,Alto Alegre,192.0,5,0.026041666666666668
3501152.0,Alumínio,950.0,332,0.3494736842105263
3501202.0,Álvares Florence,155.0,155,1.0
3501301.0,Álvares Machado,1401.0,77,0.054960742326909354
3501400.0,Álvaro de Carvalho,189.0,42,0.2222222222222222
3501509.0,Alvinlândia,221.0,9,0.04072398190045249
3501608.0,Americana,4610.0,2205,0.47830802603036876
3501707.0,Américo Brasiliense,1965.0,128,0.06513994910941476
3501806.0,Américo de Campos,304.0,304,1.0
3501905.0,Amparo,2342.0,476,0.20324508966695132
3502002.0,Analândia,324.0,46,0.1419753086419753
3502101.0,Andradina,2657.0,824,0.3101242002258186
3502200.0,Angatuba,1524.0,225,0.14763779527559054
3502309.0,Anhembi,419.0,0,0.0
3502408.0,Anhumas,231.0,60,0.2597402597402597
3502507.0,Aparecida,1724.0,477,0.2766821345707657
3502606.0,Aparecida d'Oeste,208.0,92,0.4423076923076923
3502705.0,Apiaí,872.0,644,0.7385321100917431
3502754.0,Araçariguama,1671.0,297,0.17773788150807898
3502804.0,Araçatuba,9080.0,3415,0.3761013215859031
3502903.0,Araçoiaba da Serra,2108.0,306,0.14516129032258066
3503000.0,Aramina,305.0,15,0.04918032786885246
3503109.0,Arandu,461.0,14,0.03036876355748373
3503158.0,Arapeí,146.0,6,0.0410958904109589
3503208.0,Araraquara,5067.0,1865,0.36806789027037695
3503307.0,Araras,3930.0,1418,0.3608142493638677
3503356.0,Arco-Íris,112.0,41,0.36607142857142855
3503406.0,Arealva,434.0,70,0.16129032258064516
3503505.0,Areias,243.0,0,0.0
3503604.0,Areiópolis,669.0,7,0.01046337817638266
3503703.0,Ariranha,353.0,154,0.43626062322946174
3503802.0,Artur Nogueira,2936.0,305,0.10388283378746593
3503901.0,Arujá,5808.0,1063,0.18302341597796143
3503950.0,Aspásia,18.0,0,0.0
3504008.0,Assis,4726.0,2677,0.5664409648751587
3504107.0,Atibaia,9074.0,3702,0.4079788406435971
3504206.0,Auriflama,619.0,70,0.11308562197092084
3504305.0,Avaí,293.0,11,0.03754266211604096
3504404.0,Avanhandava,615.0,270,0.43902439024390244
3504503.0,Avaré,4758.0,126,0.02648171500630517
3504602.0,Bady Bassitt,1691.0,119,0.0703725606150207
3504701.0,Balbinos,77.0,2,0.025974025974025976
3504800.0,Bálsamo,442.0,68,0.15384615384615385
3504909.0,Bananal,521.0,111,0.21305182341650672
3505005.0,Barão de Antonina,192.0,0,0.0
3505104.0,Barbosa,421.0,421,1.0
3505203.0,Bariri,1480.0,36,0.024324324324324326
3505302.0,Barra Bonita,1233.0,47,0.038118410381184104
3505351.0,Barra do Chapéu,392.0,271,0.6913265306122449
3505401.0,Barra do Turvo,483.0,0,0.0
3505500.0,Barretos,6354.0,2888,0.4545168397859616
3505609.0,Barrinha,2137.0,327,0.15301824988301357
3505708.0,Barueri,25268.0,1247,0.04935095773310116
3505807.0,Bastos,1240.0,176,0.14193548387096774
3505906.0,Batatais,2158.0,150,0.06950880444856349
3506003.0,Bauru,7017.0,401,0.05714692888698874
3506102.0,Bebedouro,3340.0,981,0.2937125748502994
3506201.0,Bento de Abreu,152.0,0,0.0
3506300.0,Bernardino de Campos,593.0,13,0.021922428330522766
3506359.0,Bertioga,5390.0,3339,0.6194805194805195
3506409.0,Bilac,430.0,166,0.386046511627907
3506508.0,Birigui,5828.0,707,0.12131091283459162
3506607.0,Biritiba Mirim,1830.0,31,0.016939890710382512
3506706.0,Boa Esperança do Sul,798.0,196,0.24561403508771928
3506805.0,Bocaina,535.0,0,0.0
3506904.0,Bofete,696.0,5,0.007183908045977011
3507001.0,Boituva,3771.0,544,0.14425881728984355
3507100.0,Bom Jesus dos Perdões,1592.0,412,0.25879396984924624
3507159.0,Bom Sucesso de Itararé,264.0,0,0.0
3507209.0,Borá,62.0,0,0.0
3507308.0,Boracéia,302.0,0,0.0
3507407.0,Borborema,364.0,261,0.717032967032967
3507456.0,Borebi,262.0,262,1.0
3507506.0,Botucatu,6900.0,3831,0.5552173913043478
3507605.0,Bragança Paulista,8657.0,3877,0.44784567402102343
3507704.0,Braúna,355.0,64,0.18028169014084508
3507753.0,Brejo Alegre,167.0,167,1.0
3507803.0,Brodowski,1458.0,395,0.2709190672153635
3507902.0,Brotas,1194.0,273,0.228643216080402
3508009.0,Buri,1631.0,132,0.0809319435928878
3508108.0,Buritama,934.0,104,0.11134903640256959
3508207.0,Buritizal,226.0,7,0.030973451327433628
3508306.0,Cabrália Paulista,270.0,7,0.025925925925925925
3508405.0,Cabreúva,3725.0,1,0.00026845637583892615
3508504.0,Caçapava,4802.0,653,0.13598500624739693
3508603.0,Cachoeira Paulista,1274.0,38,0.029827315541601257
3508702.0,Caconde,832.0,24,0.028846153846153848
3508801.0,Cafelândia,786.0,219,0.2786259541984733
3508900.0,Caiabu,165.0,36,0.21818181818181817
3509007.0,Caieiras,5203.0,36,0.006919085143186623
3509106.0,Caiuá,216.0,5,0.023148148148148147
3509205.0,Cajamar,6195.0,0,0.0
3509254.0,Cajati,2067.0,321,0.15529753265602322
3509304.0,Cajobi,502.0,5,0.0099601593625498
3509403.0,Cajuru,1317.0,485,0.3682611996962794
3509452.0,Campina do Monte Alegre,419.0,0,0.0
3509502.0,Campinas,10843.0,2466,0.22742783362538044
3509601.0,Campo Limpo Paulista,4783.0,606,0.1266987246498014
3509700.0,Campos do Jordão,2873.0,1206,0.4197702749738949
3509809.0,Campos Novos Paulista,332.0,0,0.0
3509908.0,Cananéia,860.0,23,0.026744186046511628
3509957.0,Canas,352.0,5,0.014204545454545454
3510005.0,Cândido Mota,990.0,57,0.05757575757575758
3510104.0,Cândido Rodrigues,157.0,157,1.0
3510153.0,Canitar,456.0,0,0.0
3510203.0,Capão Bonito,2881.0,91,0.031586254772648384
3510302.0,Capela do Alto,1514.0,213,0.1406869220607662
3510401.0,Capivari,2968.0,1168,0.3935309973045822
3510500.0,Caraguatatuba,8634.0,1629,0.18867268936761641
3510609.0,Carapicuíba,5344.0,1,0.00018712574850299402
3510708.0,Cardoso,538.0,107,0.19888475836431227
3510807.0,Casa Branca,1246.0,378,0.30337078651685395
3510906.0,Cássia dos Coqueiros,169.0,4,0.023668639053254437
3511003.0,Castilho,1214.0,23,0.018945634266886325
3511102.0,Catanduva,4265.0,1498,0.3512309495896835
3511201.0,Catiguá,349.0,14,0.04011461318051576
3511300.0,Cedral,811.0,21,0.025893958076448828
3511409.0,Cerqueira César,1238.0,62,0.050080775444264945
3511508.0,Cerquilho,2173.0,40,0.01840773124712379
3511607.0,Cesário Lange,1299.0,10,0.007698229407236336
3511706.0,Charqueada,1084.0,287,0.26476014760147604
3557204.0,Chavantes,724.0,17,0.023480662983425413
3511904.0,Clementina,492.0,218,0.44308943089430897
3512001.0,Colina,998.0,15,0.01503006012024048
3512100.0,Colômbia,558.0,350,0.6272401433691757
3512209.0,Conchal,1878.0,452,0.24068157614483493
3512308.0,Conchas,831.0,376,0.45246690734055356
3512407.0,Cordeirópolis,1631.0,893,0.5475168608215818
3512506.0,Coroados,326.0,32,0.09815950920245399
3512605.0,Coronel Macedo,240.0,240,1.0
3512704.0,Corumbataí,274.0,96,0.35036496350364965
3512803.0,Cosmópolis,3258.0,942,0.289134438305709
3512902.0,Cosmorama,496.0,54,0.10887096774193548
3513009.0,Cotia,17021.0,1150,0.06756359790846601
3513108.0,Cravinhos,1919.0,253,0.13183949973944764
3513207.0,Cristais Paulista,616.0,80,0.12987012987012986
3513306.0,Cruzália,112.0,112,1.0
3513405.0,Cruzeiro,2826.0,179,0.06334041047416844
3513504.0,Cubatão,5815.0,2016,0.3466895958727429
3513603.0,Cunha,1115.0,0,0.0
3513702.0,Descalvado,1475.0,170,0.1152542372881356
3513801.0,Diadema,11266.0,8855,0.7859932540387005
3513850.0,Dirce Reis,28.0,0,0.0
3513900.0,Divinolândia,554.0,59,0.10649819494584838
3514007.0,Dobrada,99.0,67,0.6767676767676768
3514106.0,Dois Córregos,1448.0,169,0.11671270718232044
3514205.0,Dolcinópolis,153.0,0,0.0
3514304.0,Dourado,410.0,0,0.0
3514403.0,Dracena,1885.0,284,0.1506631299734748
3514502.0,Duartina,656.0,362,0.551829268292683
3514601.0,Dumont,550.0,212,0.38545454545454544
3514700.0,Echaporã,423.0,10,0.02364066193853428
3514809.0,Eldorado,1040.0,48,0.046153846153846156
3514908.0,Elias Fausto,1212.0,40,0.033003300330033
3514924.0,Elisiário,165.0,2,0.012121212121212121
3514957.0,Embaúba,116.0,116,1.0
3515004.0,Embu das Artes,11623.0,2532,0.21784393013851847
3515103.0,Embu-Guaçu,1805.0,42,0.02326869806094183
3515129.0,Emilianópolis,154.0,150,0.974025974025974
3515152.0,Engenheiro Coelho,1089.0,125,0.1147842056932966
3515186.0,Espírito Santo do Pinhal,898.0,35,0.03897550111358575
3515194.0,Espírito Santo do Turvo,293.0,283,0.9658703071672355
3557303.0,Estiva Gerbi,625.0,530,0.848
3515202.0,Estrela d'Oeste,466.0,13,0.027896995708154508
3515301.0,Estrela do Norte,171.0,0,0.0
3515350.0,Euclides da Cunha Paulista,445.0,122,0.27415730337078653
3515400.0,Fartura,924.0,370,0.4004329004329004
3515608.0,Fernando Prestes,322.0,322,1.0
3515509.0,Fernandópolis,3048.0,666,0.21850393700787402
3515657.0,Fernão,112.0,88,0.7857142857142857
3515707.0,Ferraz de Vasconcelos,10615.0,708,0.06669806877060763
3515806.0,Flora Rica,72.0,0,0.0
3515905.0,Floreal,132.0,132,1.0
3516002.0,Flórida Paulista,491.0,125,0.2545824847250509
3516101.0,Florínea,25.0,0,0.0
3516200.0,Franca,12965.0,1022,0.07882761280370228
3516309.0,Francisco Morato,12658.0,1615,0.12758729657133827
3516408.0,Franco da Rocha,8976.0,1845,0.20554812834224598
3516507.0,Gabriel Monteiro,157.0,157,1.0
3516606.0,Gália,330.0,6,0.01818181818181818
3516705.0,Garça,1925.0,925,0.4805194805194805
3516804.0,Gastão Vidigal,76.0,35,0.4605263157894737
3516853.0,Gavião Peixoto,344.0,344,1.0
3516903.0,General Salgado,497.0,7,0.014084507042253521
3517000.0,Getulina,411.0,0,0.0
3517109.0,Glicério,284.0,70,0.24647887323943662
3517208.0,Guaiçara,732.0,194,0.2650273224043716
3517307.0,Guaimbê,349.0,249,0.7134670487106017
3517406.0,Guaíra,1745.0,184,0.10544412607449857
3517505.0,Guapiaçu,1241.0,25,0.020145044319097503
3517604.0,Guapiara,1192.0,0,0.0
3517703.0,Guará,1049.0,331,0.31553860819828405
3517802.0,Guaraçaí,319.0,0,0.0
3517901.0,Guaraci,579.0,22,0.037996545768566495
3518008.0,Guarani d'Oeste,96.0,96,1.0
3518107.0,Guarantã,374.0,0,0.0
3518206.0,Guararapes,1295.0,262,0.2023166023166023
3518305.0,Guararema,2215.0,729,0.3291196388261851
3518404.0,Guaratinguetá,5088.0,1817,0.35711477987421386
3518503.0,Guareí,812.0,0,0.0
3518602.0,Guariba,2156.0,168,0.07792207792207792
3518701.0,Guarujá,11934.0,827,0.06929780459192224
3518800.0,Guarulhos,61261.0,3429,0.05597362106397218
3518859.0,Guatapará,455.0,42,0.09230769230769231
3518909.0,Guzolândia,259.0,5,0.019305019305019305
3519006.0,Herculândia,471.0,6,0.012738853503184714
3519055.0,Holambra,860.0,387,0.45
3519071.0,Hortolândia,13933.0,4899,0.3516112825665686
3519105.0,Iacanga,593.0,120,0.20236087689713322
3519204.0,Iacri,76.0,0,0.0
3519253.0,Iaras,419.0,10,0.02386634844868735
3519303.0,Ibaté,2246.0,496,0.22083704363312556
3519402.0,Ibirá,593.0,270,0.45531197301854975
3519501.0,Ibirarema,390.0,44,0.11282051282051282
3519600.0,Ibitinga,2860.0,553,0.19335664335664335
3519709.0,Ibiúna,5344.0,0,0.0
3519808.0,Icém,363.0,18,0.049586776859504134
3519907.0,Iepê,449.0,0,0.0
3520004.0,Igaraçu do Tietê,1081.0,43,0.039777983348751156
3520103.0,Igarapava,1213.0,38,0.031327287716405604
3520202.0,Igaratá,804.0,335,0.4166666666666667
3520301.0,Iguape,1604.0,27,0.01683291770573566
3520426.0,Ilha Comprida,987.0,316,0.32016210739615
3520442.0,Ilha Solteira,1056.0,1056,1.0
3520400.0,Ilhabela,2416.0,1844,0.7632450331125827
3520509.0,Indaiatuba,14317.0,4292,0.29978347419152057
3520608.0,Indiana,271.0,0,0.0
3520707.0,Indiaporã,188.0,188,1.0
3520806.0,Inúbia Paulista,193.0,10,0.05181347150259067
3520905.0,Ipaussu,756.0,12,0.015873015873015872
3521002.0,Iperó,2383.0,76,0.03189257238774654
3521101.0,Ipeúna,443.0,231,0.5214446952595937
3521150.0,Ipiguá,446.0,0,0.0
3521200.0,Iporanga,264.0,29,0.10984848484848485
3521309.0,Ipuã,708.0,211,0.2980225988700565
3521408.0,Iracemápolis,1385.0,193,0.13935018050541517
3521507.0,Irapuã,456.0,125,0.2741228070175439
3521606.0,Irapuru,298.0,0,0.0
3521705.0,Itaberá,0.0,0,
3521804.0,Itaí,1581.0,79,0.04996837444655281
3521903.0,Itajobi,819.0,337,0.41147741147741146
3522000.0,Itaju,251.0,4,0.01593625498007968
3522109.0,Itanhaém,7730.0,271,0.03505821474773609
3522158.0,Itaoca,172.0,172,1.0
3522208.0,Itapecerica da Serra,10384.0,282,0.027157164869029277
3522307.0,Itapetininga,7815.0,1607,0.20563019833653232
3522406.0,Itapeva,5777.0,715,0.12376666089665916
3522505.0,Itapevi,18386.0,6340,0.3448275862068966
3522604.0,Itapira,2846.0,608,0.21363316936050597
3522653.0,Itapirapuã Paulista,334.0,47,0.1407185628742515
3522703.0,Itápolis,1476.0,306,0.2073170731707317
3522802.0,Itaporanga,758.0,10,0.013192612137203167
3522901.0,Itapuí,825.0,606,0.7345454545454545
3523008.0,Itapura,247.0,46,0.1862348178137652
3523107.0,Itaquaquecetuba,24840.0,5002,0.20136876006441223
3523206.0,Itararé,2620.0,109,0.0416030534351145
3523305.0,Itariri,852.0,317,0.3720657276995305
3523404.0,Itatiba,5815.0,513,0.0882201203783319
3523503.0,Itatinga,1178.0,137,0.11629881154499151
3523602.0,Itirapina,923.0,273,0.29577464788732394
3523701.0,Itirapuã,375.0,4,0.010666666666666666
3523800.0,Itobi,61.0,4,0.06557377049180328
3523909.0,Itu,9002.0,3284,0.3648078204843368
3524006.0,Itupeva,4194.0,378,0.09012875536480687
3524105.0,Ituverava,1574.0,262,0.16645489199491742
3524204.0,Jaborandi,345.0,345,1.0
3524303.0,Jaboticabal,2592.0,639,0.2465277777777778
3524402.0,Jacareí,12033.0,2406,0.199950137122912
3524501.0,Jaci,532.0,48,0.09022556390977443
3524600.0,Jacupiranga,1090.0,108,0.09908256880733946
3524709.0,Jaguariúna,3246.0,99,0.030499075785582256
3524808.0,Jales,2133.0,150,0.07032348804500703
3524907.0,Jambeiro,432.0,0,0.0
3525003.0,Jandira,5420.0,847,0.1562730627306273
3525102.0,Jardinópolis,2429.0,427,0.17579250720461095
3525201.0,Jarinu,2763.0,593,0.2146217879116902
3525300.0,Jaú,5711.0,605,0.10593591315006129
3525409.0,Jeriquara,299.0,36,0.12040133779264214
3525508.0,Joanópolis,780.0,85,0.10897435897435898
3525607.0,João Ramalho,312.0,39,0.125
3525706.0,José Bonifácio,951.0,278,0.29232386961093587
3525805.0,Júlio Mesquita,300.0,18,0.06
3525854.0,Jumirim,221.0,28,0.12669683257918551
3525904.0,Jundiaí,19817.0,2389,0.12055306050360802
3526001.0,Junqueirópolis,1045.0,1045,1.0
3526100.0,Juquiá,1189.0,208,0.17493692178301093
3526209.0,Juquitiba,1146.0,61,0.053228621291448515
3526308.0,Lagoinha,299.0,34,0.11371237458193979
3526407.0,Laranjal Paulista,1572.0,98,0.062340966921119595
3526506.0,Lavínia,249.0,10,0.040160642570281124
3526605.0,Lavrinhas,441.0,0,0.0
3526704.0,Leme,5472.0,1681,0.30720029239766083
3526803.0,Lençóis Paulista,3653.0,769,0.21051190802080483
3526902.0,Limeira,13105.0,4021,0.306829454406715
3527009.0,Lindóia,390.0,173,0.44358974358974357
3527108.0,Lins,992.0,98,0.09879032258064516
3527207.0,Lorena,3941.0,284,0.07206292819081452
3527256.0,Lourdes,126.0,126,1.0
3527306.0,Louveira,3622.0,1792,0.4947542794036444
3527405.0,Lucélia,892.0,231,0.2589686098654709
3527504.0,Lucianópolis,131.0,0,0.0
3527603.0,Luís Antônio,823.0,21,0.02551640340218712
3527702.0,Luiziânia,357.0,231,0.6470588235294118
3527801.0,Lupércio,251.0,0,0.0
3527900.0,Lutécia,174.0,0,0.0
3528007.0,Macatuba,1016.0,250,0.24606299212598426
3528106.0,Macaubal,337.0,7,0.020771513353115726
3528205.0,Macedônia,214.0,214,1.0
3528304.0,Magda,176.0,176,1.0
3528403.0,Mairinque,2969.0,196,0.06601549343213203
3528502.0,Mairiporã,5112.0,230,0.04499217527386541
3528601.0,Manduri,538.0,10,0.01858736059479554
3528700.0,Marabá Paulista,187.0,0,0.0
3528809.0,Maracaí,702.0,199,0.28347578347578345
3528858.0,Marapoama,183.0,183,1.0
3528908.0,Mariápolis,159.0,19,0.11949685534591195
3529005.0,Marília,8717.0,2546,0.29207296088103707
3529104.0,Marinópolis,93.0,93,1.0
3529203.0,Martinópolis,1134.0,8,0.007054673721340388
3529302.0,Matão,1391.0,233,0.16750539180445723
3529401.0,Mauá,725.0,0,0.0
3529500.0,Mendonça,428.0,428,1.0
3529609.0,Meridiano,271.0,271,1.0
3529658.0,Mesópolis,132.0,28,0.21212121212121213
3529708.0,Miguelópolis,986.0,163,0.16531440162271804
3529807.0,Mineiros do Tietê,609.0,308,0.5057471264367817
3530003.0,Mira Estrela,171.0,60,0.3508771929824561
3529906.0,Miracatu,1395.0,559,0.4007168458781362
3530102.0,Mirandópolis,962.0,250,0.2598752598752599
3530201.0,Mirante do Paranapanema,567.0,188,0.3315696649029982
3530300.0,Mirassol,2942.0,726,0.2467709041468389
3530409.0,Mirassolândia,292.0,0,0.0
3530508.0,Mococa,1629.0,59,0.03621853898096992
3530607.0,Mogi das Cruzes,25470.0,11293,0.44338437377306633
3530706.0,Mogi Guaçu,7723.0,826,0.1069532565065389
3530805.0,Mogi Mirim,4044.0,1128,0.2789317507418398
3530904.0,Mombuca,350.0,110,0.3142857142857143
3531001.0,Monções,121.0,121,1.0
3531100.0,Mongaguá,4107.0,198,0.04821037253469686
3531209.0,Monte Alegre do Sul,404.0,24,0.0594059405940594
3531308.0,Monte Alto,1905.0,703,0.3690288713910761
3531407.0,Monte Aprazível,1021.0,164,0.16062683643486778
3531506.0,Monte Azul Paulista,868.0,370,0.42626728110599077
3531605.0,Monte Castelo,231.0,5,0.021645021645021644
3531803.0,Monte Mor,4702.0,1289,0.27413866439812845
3531704.0,Monteiro Lobato,301.0,14,0.046511627906976744
3531902.0,Morro Agudo,1706.0,64,0.03751465416178194
3532009.0,Morungaba,737.0,8,0.010854816824966078
3532058.0,Motuca,272.0,57,0.20955882352941177
3532108.0,Murutinga do Sul,186.0,186,1.0
3532157.0,Nantes,180.0,0,0.0
3532207.0,Narandiba,461.0,144,0.3123644251626898
3532306.0,Natividade da Serra,417.0,185,0.44364508393285373
3532405.0,Nazaré Paulista,886.0,91,0.10270880361173815
3532504.0,Neves Paulista,440.0,13,0.029545454545454545
3532603.0,Nhandeara,379.0,74,0.19525065963060687
3532702.0,Nipoã,385.0,14,0.03636363636363636
3532801.0,Nova Aliança,437.0,199,0.45537757437070936
3532827.0,Nova Campina,644.0,16,0.024844720496894408
3532843.0,Nova Canaã Paulista,96.0,96,1.0
3532868.0,Nova Castilho,76.0,76,1.0
3532900.0,Nova Europa,529.0,82,0.15500945179584122
3533007.0,Nova Granada,1030.0,33,0.03203883495145631
3533106.0,Nova Guataporanga,117.0,5,0.042735042735042736
3533205.0,Nova Independência,285.0,285,1.0
3533304.0,Nova Luzitânia,172.0,172,1.0
3533403.0,Nova Odessa,3022.0,1028,0.34017207147584383
3533254.0,Novais,337.0,53,0.1572700296735905
3533502.0,Novo Horizonte,1934.0,508,0.2626680455015512
3533601.0,Nuporanga,437.0,193,0.4416475972540046
3533700.0,Ocauçu,262.0,105,0.40076335877862596
3533809.0,Óleo,154.0,109,0.7077922077922078
3533908.0,Olímpia,3185.0,866,0.2718995290423862
3534005.0,Onda Verde,327.0,5,0.01529051987767584
3534104.0,Oriente,295.0,295,1.0
3534203.0,Orindiúva,359.0,359,1.0
3534302.0,Orlândia,1791.0,626,0.34952540480178673
3534401.0,Osasco,38978.0,2467,0.06329211349992303
3534500.0,Oscar Bressane,140.0,10,0.07142857142857142
3534609.0,Osvaldo Cruz,1082.0,1082,1.0
3534708.0,Ourinhos,4694.0,167,0.035577332765232214
3534807.0,Ouro Verde,463.0,37,0.07991360691144708
3534757.0,Ouroeste,618.0,618,1.0
3534906.0,Pacaembu,423.0,100,0.2364066193853428
3535002.0,Palestina,616.0,43,0.0698051948051948
3535101.0,Palmares Paulista,612.0,19,0.03104575163398693
3535200.0,Palmeira d'Oeste,355.0,47,0.1323943661971831
3535309.0,Palmital,947.0,359,0.3790918690601901
3535408.0,Panorama,888.0,33,0.037162162162162164
3535507.0,Paraguaçu Paulista,2353.0,96,0.040798980025499365
3535606.0,Paraibuna,1028.0,0,0.0
3535705.0,Paraíso,318.0,125,0.39308176100628933
3535804.0,Paranapanema,1272.0,74,0.05817610062893082
3535903.0,Paranapuã,248.0,9,0.036290322580645164
3536000.0,Parapuã,500.0,202,0.404
3536109.0,Pardinho,531.0,0,0.0
3536208.0,Pariquera-Açu,1175.0,246,0.2093617021276596
3536257.0,Parisi,186.0,186,1.0
3536307.0,Patrocínio Paulista,1001.0,97,0.0969030969030969
3536406.0,Paulicéia,587.0,9,0.015332197614991482
3536505.0,Paulínia,6110.0,293,0.04795417348608838
3536570.0,Paulistânia,141.0,8,0.05673758865248227
3536604.0,Paulo de Faria,331.0,16,0.04833836858006042
3536703.0,Pederneiras,2306.0,671,0.2909800520381613
3536802.0,Pedra Bela,328.0,154,0.4695121951219512
3536901.0,Pedranópolis,140.0,82,0.5857142857142857
3537008.0,Pedregulho,1076.0,38,0.03531598513011153
3537107.0,Pedreira,2122.0,769,0.36239396795475964
3537156.0,Pedrinhas Paulista,159.0,159,1.0
3537206.0,Pedro de Toledo,640.0,152,0.2375
3537305.0,Penápolis,2278.0,1443,0.6334503950834065
3537404.0,Pereira Barreto,1232.0,374,0.30357142857142855
3537503.0,Pereiras,552.0,151,0.27355072463768115
3537602.0,Peruíbe,4404.0,442,0.10036330608537693
3537701.0,Piacatu,305.0,199,0.6524590163934426
3537800.0,Piedade,3215.0,194,0.060342146189735615
3537909.0,Pilar do Sul,1821.0,588,0.3228995057660626
3538006.0,Pindamonhangaba,8936.0,475,0.05315577439570277
3538105.0,Pindorama,682.0,31,0.045454545454545456
3538204.0,Pinhalzinho,828.0,194,0.23429951690821257
3538303.0,Piquerobi,184.0,0,0.0
3538501.0,Piquete,567.0,243,0.42857142857142855
3538600.0,Piracaia,1756.0,528,0.30068337129840544
3538709.0,Piracicaba,17787.0,1808,0.10164727047843931
3538808.0,Piraju,1537.0,112,0.07286922576447626
3538907.0,Pirajuí,904.0,40,0.04424778761061947
3539004.0,Pirangi,539.0,14,0.025974025974025976
3539103.0,Pirapora do Bom Jesus,1383.0,82,0.05929139551699204
3539202.0,Pirapozinho,1333.0,109,0.08177044261065267
3539301.0,Pirassununga,2697.0,1191,0.44160177975528364
3539400.0,Piratininga,662.0,198,0.2990936555891239
3539509.0,Pitangueiras,1906.0,299,0.15687303252885623
3539608.0,Planalto,260.0,0,0.0
3539707.0,Platina,200.0,73,0.365
3539806.0,Poá,6873.0,274,0.039866142877928126
3539905.0,Poloni,68.0,35,0.5147058823529411
3540002.0,Pompéia,1084.0,502,0.46309963099630996
3540101.0,Pongaí,187.0,0,0.0
3540200.0,Pontal,2296.0,37,0.016114982578397212
3540259.0,Pontalinda,258.0,14,0.05426356589147287
3540309.0,Pontes Gestal,142.0,142,1.0
3540408.0,Populina,217.0,217,1.0
3540507.0,Porangaba,504.0,303,0.6011904761904762
3540606.0,Porto Feliz,3035.0,349,0.11499176276771005
3540705.0,Porto Ferreira,2501.0,532,0.21271491403438625
3540754.0,Potim,1149.0,280,0.24369016536118362
3540804.0,Potirendaba,1042.0,257,0.24664107485604606
3540853.0,Pracinha,84.0,0,0.0
3540903.0,Pradópolis,981.0,391,0.3985728848114169
3541000.0,Praia Grande,22742.0,1837,0.08077565737402163
3541059.0,Pratânia,424.0,424,1.0
3541109.0,Presidente Alves,0.0,0,
3541208.0,Presidente Bernardes,401.0,335,0.8354114713216958
3541307.0,Presidente Epitácio,980.0,436,0.4448979591836735
3541406.0,Presidente Prudente,9849.0,2110,0.21423494771042745
3541505.0,Presidente Venceslau,1371.0,239,0.17432530999270604
3541604.0,Promissão,1158.0,95,0.08203799654576857
3541653.0,Quadra,314.0,3,0.009554140127388535
3541703.0,Quatá,681.0,63,0.09251101321585903
3541802.0,Queiroz,244.0,48,0.19672131147540983
3541901.0,Queluz,536.0,11,0.020522388059701493
3542008.0,Quintana,379.0,379,1.0
3542107.0,Rafard,675.0,144,0.21333333333333335
3542206.0,Rancharia,1722.0,53,0.03077816492450639
3542305.0,Redenção da Serra,237.0,99,0.4177215189873418
3542404.0,Regente Feijó,957.0,130,0.13584117032392895
3542503.0,Reginópolis,349.0,19,0.054441260744985676
3542602.0,Registro,2971.0,345,0.11612251767081791
3542701.0,Restinga,549.0,106,0.1930783242258652
3542800.0,Ribeira,211.0,0,0.0
3542909.0,Ribeirão Bonito,639.0,0,0.0
3543006.0,Ribeirão Branco,1461.0,50,0.034223134839151265
3543105.0,Ribeirão Corrente,351.0,113,0.32193732193732194
3543204.0,Ribeirão do Sul,252.0,7,0.027777777777777776
3543238.0,Ribeirão dos Índios,72.0,15,0.20833333333333334
3543253.0,Ribeirão Grande,496.0,23,0.046370967741935484
3543303.0,Ribeirão Pires,2211.0,114,0.051560379918588875
3543402.0,Ribeirão Preto,13754.0,22,0.001599534680820125
3543600.0,Rifaina,250.0,76,0.304
3543709.0,Rincão,509.0,79,0.15520628683693516
3543808.0,Rinópolis,90.0,0,0.0
3543907.0,Rio Claro,9430.0,1347,0.1428419936373277
3544004.0,Rio das Pedras,1901.0,50,0.026301946344029457
3544103.0,Rio Grande da Serra,115.0,2,0.017391304347826087
3544202.0,Riolândia,549.0,112,0.2040072859744991
3543501.0,Riversul,344.0,344,1.0
3544251.0,Rosana,606.0,270,0.44554455445544555
3544301.0,Roseira,774.0,296,0.38242894056847543
3544400.0,Rubiácea,215.0,47,0.2186046511627907
3544509.0,Rubinéia,250.0,234,0.936
3544608.0,Sabino,248.0,99,0.39919354838709675
3544707.0,Sagres,157.0,157,1.0
3544806.0,Sales,397.0,397,1.0
3544905.0,Sales Oliveira,514.0,147,0.28599221789883267
3545001.0,Salesópolis,1047.0,58,0.055396370582617004
3545100.0,Salmourão,302.0,0,0.0
3545159.0,Saltinho,556.0,270,0.4856115107913669
3545209.0,Salto,4492.0,398,0.0886019590382903
3545308.0,Salto de Pirapora,2422.0,195,0.0805119735755574
3545407.0,Salto Grande,514.0,164,0.31906614785992216
3545506.0,Sandovalina,242.0,53,0.2190082644628099
3545605.0,Santa Adélia,693.0,173,0.24963924963924963
3545704.0,Santa Albertina,330.0,257,0.7787878787878788
3545803.0,Santa Bárbara d'Oeste,7837.0,3379,0.43115988260814087
3546009.0,Santa Branca,712.0,347,0.48735955056179775
3546108.0,Santa Clara d'Oeste,163.0,163,1.0
3546207.0,Santa Cruz da Conceição,214.0,23,0.10747663551401869
3546256.0,Santa Cruz da Esperança,145.0,2,0.013793103448275862
3546306.0,Santa Cruz das Palmeiras,1581.0,76,0.0480708412397217
3546405.0,Santa Cruz do Rio Pardo,1807.0,671,0.37133370226895407
3546504.0,Santa Ernestina,306.0,76,0.24836601307189543
3546603.0,Santa Fé do Sul,1817.0,299,0.16455696202531644
3546702.0,Santa Gertrudes,1641.0,159,0.09689213893967093
3546801.0,Santa Isabel,3072.0,154,0.050130208333333336
3546900.0,Santa Lúcia,449.0,3,0.0066815144766146995
3547007.0,Santa Maria da Serra,387.0,387,1.0
3547106.0,Santa Mercedes,197.0,0,0.0
3547403.0,Santa Rita d'Oeste,125.0,28,0.224
3547502.0,Santa Rita do Passa Quatro,849.0,282,0.3321554770318021
3547601.0,Santa Rosa de Viterbo,1182.0,317,0.26818950930626057
3547650.0,Santa Salete,17.0,0,0.0
3547205.0,Santana da Ponte Pensa,8.0,8,1.0
3547304.0,Santana de Parnaíba,10129.0,2843,0.28067923783196763
3547700.0,Santo Anastácio,550.0,44,0.08
3547809.0,Santo André,21691.0,1905,0.08782444331750495
3547908.0,Santo Antônio da Alegria,421.0,139,0.33016627078384797
3548005.0,Santo Antônio de Posse,1522.0,583,0.38304862023653086
3548054.0,Santo Antônio do Aracanguá,549.0,91,0.1657559198542805
3548104.0,Santo Antônio do Jardim,334.0,12,0.03592814371257485
3548203.0,Santo Antônio do Pinhal,527.0,35,0.06641366223908918
3548302.0,Santo Expedito,186.0,10,0.053763440860215055
3548401.0,Santópolis do Aguapeí,267.0,267,1.0
3548500.0,Santos,13401.0,7834,0.5845832400567121
3548609.0,São Bento do Sapucaí,526.0,23,0.043726235741444866
3548708.0,São Bernardo do Campo,41357.0,9770,0.23623570375027203
3548807.0,São Caetano do Sul,6655.0,3133,0.4707738542449286
3548906.0,São Carlos,5788.0,899,0.15532135452660678
3549003.0,São Francisco,29.0,0,0.0
3549102.0,São João da Boa Vista,3636.0,1324,0.3641364136413641
3549201.0,São João das Duas Pontes,138.0,0,0.0
3549250.0,São João de Iracema,113.0,113,1.0
3549300.0,São João do Pau d'Alho,107.0,56,0.5233644859813084
3549409.0,São Joaquim da Barra,1116.0,74,0.06630824372759857
3549508.0,São José da Bela Vista,424.0,23,0.054245283018867926
3549607.0,São José do Barreiro,229.0,4,0.017467248908296942
3549706.0,São José do Rio Pardo,1267.0,93,0.0734017363851618
3549805.0,São José do Rio Preto,20373.0,1032,0.050655279045795906
3549904.0,São José dos Campos,30003.0,4486,0.14951838149518382
3549953.0,São Lourenço da Serra,947.0,39,0.04118268215417107
3550001.0,São Luiz do Paraitinga,628.0,71,0.11305732484076433
3550100.0,São Manuel,2113.0,266,0.12588736393752958
3550209.0,São Miguel Arcanjo,2010.0,0,0.0
3550308.0,São Paulo,266918.0,70140,0.2627773323642467
3550407.0,São Pedro,1944.0,500,0.257201646090535
3550506.0,São Pedro do Turvo,502.0,15,0.029880478087649404
3550605.0,São Roque,4432.0,1583,0.3571750902527076
3550704.0,São Sebastião,5900.0,255,0.043220338983050846
3550803.0,São Sebastião da Grama,519.0,271,0.5221579961464354
3550902.0,São Simão,361.0,335,0.9279778393351801
3551009.0,São Vicente,16985.0,2985,0.17574330291433618
3551108.0,Sarapuí,646.0,42,0.06501547987616099
3551207.0,Sarutaiá,239.0,46,0.19246861924686193
3551306.0,Sebastianópolis do Sul,215.0,42,0.19534883720930232
3551405.0,Serra Azul,595.0,26,0.043697478991596636
3551603.0,Serra Negra,312.0,225,0.7211538461538461
3551504.0,Serrana,2822.0,646,0.2289156626506024
3551702.0,Sertãozinho,7324.0,793,0.10827416712179137
3551801.0,Sete Barras,967.0,44,0.045501551189245086
3551900.0,Severínia,903.0,0,0.0
3552007.0,Silveiras,393.0,0,0.0
3552106.0,Socorro,1562.0,114,0.07298335467349552
3552205.0,Sorocaba,31535.0,1913,0.060662755668305056
3552304.0,Sud Mennucci,438.0,363,0.8287671232876712
3552403.0,Sumaré,11737.0,1028,0.08758626565561899
3552551.0,Suzanápolis,221.0,1,0.004524886877828055
3552502.0,Suzano,12852.0,695,0.054077186430127606
3552601.0,Tabapuã,570.0,230,0.40350877192982454
3552700.0,Tabatinga,805.0,143,0.17763975155279504
3552809.0,Taboão da Serra,14170.0,2013,0.142060691601976
3552908.0,Taciba,433.0,142,0.3279445727482679
3553005.0,Taguaí,837.0,349,0.4169653524492234
3553104.0,Taiaçu,315.0,131,0.4158730158730159
3553203.0,Taiúva,315.0,224,0.7111111111111111
3553302.0,Tambaú,1053.0,73,0.06932573599240266
3553401.0,Tanabi,1366.0,208,0.15226939970717424
3553500.0,Tapiraí,539.0,539,1.0
3553609.0,Tapiratiba,572.0,193,0.3374125874125874
3553658.0,Taquaral,115.0,65,0.5652173913043478
3553708.0,Taquaritinga,2431.0,615,0.25298231180584124
3553807.0,Taquarituba,1271.0,195,0.15342250196695514
3553856.0,Taquarivaí,481.0,5,0.010395010395010396
3553906.0,Tarabai,428.0,16,0.037383177570093455
3553955.0,Tarumã,1012.0,477,0.47134387351778656
3554003.0,Tatuí,6639.0,975,0.14685946678716674
3554102.0,Taubaté,15039.0,6462,0.4296828246558947
3554201.0,Tejupá,282.0,9,0.031914893617021274
3554300.0,Teodoro Sampaio,1166.0,275,0.2358490566037736
3554409.0,Terra Roxa,443.0,119,0.2686230248306998
3554508.0,Tietê,1783.0,750,0.4206393718452047
3554607.0,Timburi,156.0,37,0.23717948717948717
3554656.0,Torre de Pedra,169.0,9,0.05325443786982249
3554706.0,Torrinha,86.0,14,0.16279069767441862
3554755.0,Trabiju,92.0,0,0.0
3554805.0,Tremembé,1933.0,228,0.11795137092602173
3554904.0,Três Fronteiras,401.0,4,0.00997506234413965
3554953.0,Tuiuti,410.0,123,0.3
3555000.0,Tupã,1953.0,1151,0.5893497183819765
3555109.0,Tupi Paulista,650.0,139,0.21384615384615385
3555208.0,Turiúba,84.0,84,1.0
3555307.0,Turmalina,80.0,80,1.0
3555356.0,Ubarana,364.0,8,0.02197802197802198
3555406.0,Ubatuba,6378.0,753,0.1180620884289746
3555505.0,Ubirajara,391.0,13,0.03324808184143223
3555604.0,Uchoa,524.0,97,0.1851145038167939
3555703.0,União Paulista,28.0,7,0.25
3555802.0,Urânia,88.0,43,0.48863636363636365
3555901.0,Uru,103.0,103,1.0
3556008.0,Urupês,717.0,62,0.08647140864714087
3556107.0,Valentim Gentil,853.0,42,0.0492379835873388
3556206.0,Valinhos,4947.0,11,0.002223569840307257
3556305.0,Valparaíso,1393.0,425,0.3050969131371141
3556354.0,Vargem,632.0,0,0.0
3556404.0,Vargem Grande do Sul,2089.0,326,0.15605552896122546
3556453.0,Vargem Grande Paulista,3058.0,94,0.030739045127534337
3556503.0,Várzea Paulista,6535.0,212,0.0324407039020658
3556602.0,Vera Cruz,504.0,13,0.025793650793650792
3556701.0,Vinhedo,3741.0,3384,0.9045709703287891
3556800.0,Viradouro,880.0,263,0.2988636363636364
3556909.0,Vista Alegre do Alto,534.0,156,0.29213483146067415
3556958.0,Vitória Brasil,86.0,0,0.0
3557006.0,Votorantim,6267.0,823,0.13132280197861815
3557105.0,Votuporanga,4330.0,1951,0.4505773672055427
3557154.0,Zacarias,154.0,37,0.24025974025974026
